-- phpMyAdmin SQL Dump
-- version 4.5.1
-- http://www.phpmyadmin.net
--
-- Host: 127.0.0.1
-- Generation Time: Dec 06, 2016 at 08:23 AM
-- Server version: 10.1.16-MariaDB
-- PHP Version: 5.6.24

SET SQL_MODE = "NO_AUTO_VALUE_ON_ZERO";
SET time_zone = "+00:00";


/*!40101 SET @OLD_CHARACTER_SET_CLIENT=@@CHARACTER_SET_CLIENT */;
/*!40101 SET @OLD_CHARACTER_SET_RESULTS=@@CHARACTER_SET_RESULTS */;
/*!40101 SET @OLD_COLLATION_CONNECTION=@@COLLATION_CONNECTION */;
/*!40101 SET NAMES utf8mb4 */;

--
-- Database: `database_project`
--

-- --------------------------------------------------------

--
-- Table structure for table `abilities`
--

CREATE TABLE `abilities` (
  `Name` char(64) NOT NULL,
  `effect` char(255) DEFAULT NULL,
  `mTrigger` char(64) DEFAULT NULL,
  `Scaling` char(64) DEFAULT NULL,
  `Damage` char(64) DEFAULT NULL,
  `DamageType` char(64) DEFAULT NULL,
  `Cooldown` int(11) DEFAULT NULL
) ENGINE=InnoDB DEFAULT CHARSET=latin1;

--
-- Dumping data for table `abilities`
--

INSERT INTO `abilities` (`Name`, `effect`, `mTrigger`, `Scaling`, `Damage`, `DamageType`, `Cooldown`) VALUES
('61111', '+0.8% Attack Speed', 'Mastery', '0', '0', 'Mastery', 0),
('61112', '+1.6% Attack Speed', 'Mastery', '0', '0', 'Mastery', 0),
('61113', '+2.4% Attack Speed', 'Mastery', '0', '0', 'Mastery', 0),
('61114', '+3.2% Attack Speed', 'Mastery', '0', '0', 'Mastery', 0),
('61115', '+4% Attack Speed', 'Mastery', '0', '0', 'Mastery', 0),
('61141', '+0.4% increased Ability damage', 'Mastery', '0', '0', 'Mastery', 0),
('61142', '+0.8% increased Ability damage', 'Mastery', '0', '0', 'Mastery', 0),
('61143', '+1.2% increased Ability damage', 'Mastery', '0', '0', 'Mastery', 0),
('61144', '+1.6% increased Ability damage', 'Mastery', '0', '0', 'Mastery', 0),
('61145', '+2.0% increased Ability damage', 'Mastery', '0', '0', 'Mastery', 0),
('61211', 'Your first basic attack against a champion deals an additional 10 +1 per level damage (6 second cooldown)', 'Mastery', '0', '0', 'Mastery', 0),
('61221', 'Killing a unit restores 20 Health (30 second cooldown)', 'Mastery', '0', '0', 'Mastery', 0),
('61231', 'Damaging enemy champions causes them to take 3% more damage from your allies', 'Mastery', '0', '0', 'Mastery', 0),
('61311', '+0.4% Lifesteal and Spell Vamp', 'Mastery', '0', '0', 'Mastery', 0),
('61312', '+0.8% Lifesteal and Spell Vamp', 'Mastery', '0', '0', 'Mastery', 0),
('61313', '+1.2% Lifesteal and Spell Vamp', 'Mastery', '0', '0', 'Mastery', 0),
('61314', '+1.6% Lifesteal and Spell Vamp', 'Mastery', '0', '0', 'Mastery', 0),
('61315', '+2.0% Lifesteal and Spell Vamp', 'Mastery', '0', '0', 'Mastery', 0),
('61341', 'Gain 0.4 + 0.09 per level Attack Damage, and 0.6 + 0.13 per level Ability Power (+2 Attack Damage and 3 Ability Power at level 18)', 'Mastery', '0', '0', 'Mastery', 0),
('61342', 'Gain 0.8 + 0.18 per level Attack Damage, and 1.2 + 0.27 per level Ability Power (+4 Attack Damage and 6 Ability Power at level 18)', 'Mastery', '0', '0', 'Mastery', 0),
('61343', 'Gain 1.2 + 0.27 per level Attack Damage, and 1.8 + 0.4 per level Ability Power (+6 Attack Damage and 9 Ability Power at level 18)', 'Mastery', '0', '0', 'Mastery', 0),
('61344', 'Gain 1.6 + 0.36 per level Attack Damage, and 2.4 + 0.53 per level Ability Power (+8 Attack Damage and 12 Ability Power at level 18)', 'Mastery', '0', '0', 'Mastery', 0),
('61345', 'Gain 2 + 0.44 per level Attack Damage, and 3 + 0.67 per level Ability Power (+10 Attack Damage and 15 Ability Power at level 18)', 'Mastery', '0', '0', 'Mastery', 0),
('61411', 'Deal 1.5% increased damage for each unique enemy champion you have killed', 'Mastery', '0', '0', 'Mastery', 0),
('61421', 'Deal 5% additional damage, take 2.5% additional damage.', 'Mastery', '0', '0', 'Mastery', 0),
('61431', 'Gain up to 5% increased damage over 5 seconds when in combat with enemy Champions', 'Mastery', '0', '0', 'Mastery', 0),
('61511', '+1.4% Armor Penetration', 'Mastery', '0', '0', 'Mastery', 0),
('61512', '+2.8% Armor Penetration', 'Mastery', '0', '0', 'Mastery', 0),
('61513', '+4.2% Armor Penetration', 'Mastery', '0', '0', 'Mastery', 0),
('61514', '+5.6% Armor Penetration', 'Mastery', '0', '0', 'Mastery', 0),
('61515', '+7% Armor Penetration', 'Mastery', '0', '0', 'Mastery', 0),
('61541', '+1.4% Magic Penetration', 'Mastery', '0', '0', 'Mastery', 0),
('61542', '+2.8% Magic Penetration', 'Mastery', '0', '0', 'Mastery', 0),
('61543', '+4.2% Magic Penetration', 'Mastery', '0', '0', 'Mastery', 0),
('61544', '+5.6% Magic Penetration', 'Mastery', '0', '0', 'Mastery', 0),
('61545', '+7% Magic Penetration', 'Mastery', '0', '0', 'Mastery', 0),
('61611', 'Gain increasingly more Life Steal based on your missing health against champions (up to 20%). Against minions gain 50% benefit (25% for ranged champions).', 'Mastery', '0', '0', 'Mastery', 0),
('61621', 'Hitting champions with basic attacks generates a Fervor stack (2 for melee attacks). Stacks of Fervor last 4 seconds (max 10 stacks)and increase your AD by 1-6 for each stack.', 'Mastery', '0', '0', 'Mastery', 0),
('62111', '+0.4 Health per 5 seconds', 'Mastery', '0', '0', 'Mastery', 0),
('62112', '+0.8 Health per 5 seconds', 'Mastery', '0', '0', 'Mastery', 0),
('62113', '+1.2 Health per 5 seconds', 'Mastery', '0', '0', 'Mastery', 0),
('62114', '+1.6 Health per 5 seconds', 'Mastery', '0', '0', 'Mastery', 0),
('62115', '+2.0 Health per 5 seconds', 'Mastery', '0', '0', 'Mastery', 0),
('62121', '+1% Bonus Armor and Magic Resist', 'Mastery', '0', '0', 'Mastery', 0),
('62122', '+2% Bonus Armor and Magic Resist', 'Mastery', '0', '0', 'Mastery', 0),
('62123', '+3% Bonus Armor and Magic Resist', 'Mastery', '0', '0', 'Mastery', 0),
('62124', '+4% Bonus Armor and Magic Resist', 'Mastery', '0', '0', 'Mastery', 0),
('62125', '+5% Bonus Armor and Magic Resist', 'Mastery', '0', '0', 'Mastery', 0),
('62211', '+15 Movement Speed in Brush and River', 'Mastery', '0', '0', 'Mastery', 0),
('62221', 'Gain 8 Armor and Magic Resistance when near an allied tower', 'Mastery', '0', '0', 'Mastery', 0),
('62231', 'You take 2 less damage from champion and neutral monster basic attacks', 'Mastery', '0', '0', 'Mastery', 0),
('62311', 'Shields, healing, regeneration, and lifesteal on you are 1.6% stronger', 'Mastery', '0', '0', 'Mastery', 0),
('62312', 'Shields, healing, regeneration, and lifesteal on you are 3.2% stronger', 'Mastery', '0', '0', 'Mastery', 0),
('62313', 'Shields, healing, regeneration, and lifesteal on you are 4.8% stronger', 'Mastery', '0', '0', 'Mastery', 0),
('62314', 'Shields, healing, regeneration, and lifesteal on you are 6.4% stronger', 'Mastery', '0', '0', 'Mastery', 0),
('62315', 'Shields, healing, regeneration, and lifesteal on you are 8% stronger', 'Mastery', '0', '0', 'Mastery', 0),
('62321', '+10 Health', 'Mastery', '0', '0', 'Mastery', 0),
('62322', '+20 Health', 'Mastery', '0', '0', 'Mastery', 0),
('62323', '+30 Health', 'Mastery', '0', '0', 'Mastery', 0),
('62324', '+40 Health', 'Mastery', '0', '0', 'Mastery', 0),
('62325', '+50 Health', 'Mastery', '0', '0', 'Mastery', 0),
('62411', 'Reduces the cooldown of Summoner Spells by 15%', 'Mastery', '0', '0', 'Mastery', 0),
('62421', '+50% Base Health Regen, increased to +200% when below 25% Health', 'Mastery', '0', '0', 'Mastery', 0),
('62431', 'Gain 10% +2 per level bonus Armor and Magic Resist when damaged by an enemy champion for 2 seconds (9s Cooldown)', 'Mastery', '0', '0', 'Mastery', 0),
('62511', '+3% Tenacity and Slow Resist', 'Mastery', '0', '0', 'Mastery', 0),
('62512', '+6% Tenacity and Slow Resist', 'Mastery', '0', '0', 'Mastery', 0),
('62513', '+9% Tenacity and Slow Resist', 'Mastery', '0', '0', 'Mastery', 0),
('62514', '+12% Tenacity and Slow Resist', 'Mastery', '0', '0', 'Mastery', 0),
('62515', '+15% Tenacity and Slow Resist', 'Mastery', '0', '0', 'Mastery', 0),
('62521', '+0.6 Armor and Magic Resist for each nearby enemy champion', 'Mastery', '0', '0', 'Mastery', 0),
('62522', '+1.2 Armor and Magic Resist for each nearby enemy champion', 'Mastery', '0', '0', 'Mastery', 0),
('62523', '+1.8 Armor and Magic Resist for each nearby enemy champion', 'Mastery', '0', '0', 'Mastery', 0),
('62524', '+2.4 Armor and Magic Resist for each nearby enemy champion', 'Mastery', '0', '0', 'Mastery', 0),
('62525', '+3 Armor and Magic Resist for each nearby enemy champion', 'Mastery', '0', '0', 'Mastery', 0),
('62611', 'Every 4 seconds in combat, your next attack against an enemy champion deals damage equal to 3% of your max Health and heals you for 1.5% of your max Health (halved for ranged champions, deals magic damage)', 'Mastery', '0', '0', 'Mastery', 0),
('62621', 'Gain a shield for 10 +10 per level + 7%  of your maximum health for each nearby enemy champion for 4 seconds after hitting an enemy champion with hard CC (30 second cooldown).', 'Mastery', '0', '0', 'Mastery', 0),
('62631', '+4% Damage Reduction. 6% of the damage from enemy champions taken by the nearest allied champion is dealt to you instead. Damage is not redirected if you are below 5% of your maximum health.', 'Mastery', '0', '0', 'Mastery', 0),
('63111', '+0.6% Movement Speed out of combat', 'Mastery', '0', '0', 'Mastery', 0),
('63112', '+1.2% Movement Speed out of combat', 'Mastery', '0', '0', 'Mastery', 0),
('63113', '+1.8% Movement Speed out of combat', 'Mastery', '0', '0', 'Mastery', 0),
('63114', '+2.4% Movement Speed out of combat', 'Mastery', '0', '0', 'Mastery', 0),
('63115', '+3% Movement Speed out of combat', 'Mastery', '0', '0', 'Mastery', 0),
('63121', 'Single target attacks and spells deal 1 bonus damage to minions and monsters', 'Mastery', '0', '0', 'Mastery', 0),
('63122', 'Single target attacks and spells deal 2 bonus damage to minions and monsters', 'Mastery', '0', '0', 'Mastery', 0),
('63123', 'Single target attacks and spells deal 3 bonus damage to minions and monsters', 'Mastery', '0', '0', 'Mastery', 0),
('63124', 'Single target attacks and spells deal 4 bonus damage to minions and monsters', 'Mastery', '0', '0', 'Mastery', 0),
('63125', 'Single target attacks and spells deal 5 bonus damage to minions and monsters', 'Mastery', '0', '0', 'Mastery', 0),
('63211', 'Buffs from neutral monsters last 15% longer', 'Mastery', '0', '0', 'Mastery', 0),
('63221', 'Your Potions and Elixirs last 10% longer.<br><br>Your Health Potions are replaced with Biscuits that restore 15 Health and Mana instantly on use', 'Mastery', '0', '0', 'Mastery', 0),
('63231', 'Deal 2% increased damage to champions when no allied champions are nearby', 'Mastery', '0', '0', 'Mastery', 0),
('63311', 'Deal 1% increased damage to champions below 40% Health', 'Mastery', '0', '0', 'Mastery', 0),
('63312', 'Deal 2% increased damage to champions below 40% Health', 'Mastery', '0', '0', 'Mastery', 0),
('63313', 'Deal 3% increased damage to champions below 40% Health', 'Mastery', '0', '0', 'Mastery', 0),
('63314', 'Deal 4% increased damage to champions below 40% Health', 'Mastery', '0', '0', 'Mastery', 0),
('63315', 'Deal 5% increased damage to champions below 40% Health', 'Mastery', '0', '0', 'Mastery', 0),
('63321', 'Regenerate 0.3% of your missing Mana every 5 seconds', 'Mastery', '0', '0', 'Mastery', 0),
('63322', 'Regenerate 0.6% of your missing Mana every 5 seconds', 'Mastery', '0', '0', 'Mastery', 0),
('63323', 'Regenerate 0.9% of your missing Mana every 5 seconds', 'Mastery', '0', '0', 'Mastery', 0),
('63324', 'Regenerate 1.2% of your missing Mana every 5 seconds', 'Mastery', '0', '0', 'Mastery', 0),
('63325', 'Regenerate 1.5% of your missing Mana every 5 seconds', 'Mastery', '0', '0', 'Mastery', 0),
('63421', 'Gain 1 gold for each nearby minion killed by an ally. <br><br>Gain 3 gold (10 if melee) when hitting an enemy champion with a basic attack (5 second cooldown)', 'Mastery', '0', '0', 'Mastery', 0),
('63431', 'Champion kills and assists restore 5% of your missing Health and Mana', 'Mastery', '0', '0', 'Mastery', 0),
('63511', 'Gain 1.7 Lethality and 0.6 + 0.06 per level Magic Penetration', 'Mastery', '0', '0', 'Mastery', 0),
('63512', 'Gain 3.4 Lethality and 1.2 + 0.12 per level Magic Penetration', 'Mastery', '0', '0', 'Mastery', 0),
('63513', 'Gain 5.1 Lethality and 1.8 + 0.18 per level Magic Penetration', 'Mastery', '0', '0', 'Mastery', 0),
('63514', 'Gain 6.8 Lethality and 2.4 + 0.24 per level Magic Penetration', 'Mastery', '0', '0', 'Mastery', 0),
('63515', 'Gain 8.5 Lethality and 3 + 0.3 per level Magic Penetration', 'Mastery', '0', '0', 'Mastery', 0),
('63521', 'Your Cooldown Reduction cap is increased to 41% and you gain 1% Cooldown Reduction', 'Mastery', '0', '0', 'Mastery', 0),
('63522', 'Your Cooldown Reduction cap is increased to 42% and you gain 2% Cooldown Reduction', 'Mastery', '0', '0', 'Mastery', 0),
('63523', 'Your Cooldown Reduction cap is increased to 43% and you gain 3% Cooldown Reduction', 'Mastery', '0', '0', 'Mastery', 0),
('63524', 'Your Cooldown Reduction cap is increased to 44% and you gain 4% Cooldown Reduction', 'Mastery', '0', '0', 'Mastery', 0),
('63525', 'Your Cooldown Reduction cap is increased to 45% and you gain 5% Cooldown Reduction', 'Mastery', '0', '0', 'Mastery', 0),
('63621', 'Your 3rd attack or damaging spell against the same enemy champion calls down a lightning strike, dealing magic damage in the area. <br><br>Damage: 10 per level, plus 30% of your Bonus Attack Damage, and 10% of your Ability Power (25-15 second cooldown, ba', 'Mastery', '0', '0', 'Mastery', 0),
('63631', 'Your heals and shields are 10% stronger. Additionally, your shields and heals on other allies increase their armor by 5-22 (based on level) and their magic resistance by half that amount for 3 seconds.', 'Mastery', '0', '0', 'Mastery', 0),
('90 Caliber Net', 'Caitlyn fires a heavy net to slow her target. The recoil knocks Caitlyn back.', 'Active', '1', '70', 'Unknown', 16),
('Absolute Zero', 'Nunu begins to sap the area of heat, slowing all nearby enemies. When Absolute Zero ends, he deals massive damage to all enemies caught in the area.', 'Active', '50', '625', 'Unknown', 110),
('Abyssal Voyage', 'Tahm Kench teleports across the map, and he may bring one ally champion with him.', 'Active', '0.02', '4500', 'Unknown', 120),
('Ace in the Hole', 'Caitlyn takes time to line up the perfect shot, dealing massive damage to a single target at a huge range. Enemy champions can intercept the bullet for their ally.', 'Active', '2000', '250', 'Unknown', 90),
('Acid Hunter', 'Urgot fires an Acid Hunter missile that collides with the first enemy it hits, slowing the target if he has his Terror Capacitor up. Acid Hunter missile-locks on enemies affected by Noxian Corrosive Charge.', 'Active', '0.5', '10', 'Unknown', 2),
('Aegis of Zeonia', 'Pantheon leaps at an enemy and bashes them with his shield, stunning them. After finishing the attack, Pantheon readies himself to block the next attack.', 'Active', '1', '50', 'Unknown', 13),
('Aqua Prison', 'Sends a bubble to a target area, dealing damage and stunning all enemies on impact.', 'Active', '1.5', '75', 'Unknown', 14),
('Arcane Shift', 'Ezreal teleports to a target nearby location and fires a homing bolt which strikes the nearest enemy unit.', 'Active', '0', '75', 'Unknown', 19),
('Arcane Smash', 'Maokai knocks back nearby enemies with a shockwave, dealing magic damage and slowing them.', 'Active', '30', '70', 'Unknown', 8),
('Arcanopulse', 'Fires a long-range beam of energy, dealing magic damage to all targets hit.', 'Active', '4', '80', 'Unknown', 9),
('Arctic Assault', 'Charges forward, dealing magic damage and knocking enemies into the air. The charge stops after knocking an enemy champion into the air.', 'Active', '625', '80', 'Unknown', 15),
('Ardent Blaze', 'Lucian shoots a missile that explodes in a star shape, marking enemies. Lucian gains Movement Speed for attacking marked enemies.', 'Active', '60', '60', 'Unknown', 14),
('Aria of Perseverance', 'Sona plays the Aria of Perseverance, sending out protective melodies, healing Sona and a nearby wounded ally. Sona gains a temporary aura that grants allies tagged by the zone a temporary shield.', 'Active', '400', '35', 'Unknown', 10),
('Aspect Of The Cougar', 'Nidalee transforms into a cougar, gaining new abilities.', 'Active', '60', '70', 'Unknown', 3),
('Assault and Battery', 'Vi runs down an enemy, knocking aside anyone in the way. When she reaches her target she knocks it into the air, jumps after it, and slams it back into the ground.', 'Active', '0.75', '150', 'Unknown', 150),
('Astral Infusion', 'Soraka sacrifices a portion of her own health to heal another friendly champion.', 'Active', '0.1', '80', 'Unknown', 8),
('Audacious Charge', 'Xin Zhao charges an enemy, dealing damage and slowing all enemies in the area.', 'Active', '25', '70', 'Unknown', 12),
('Baleful Strike', 'Veigar unleashes a bolt of dark energy that deals magic damage to the first two enemies hit. Units killed by this bolt grant Veigar some ability power permanently.', 'Active', '1', '70', 'Unknown', 7),
('Bandage Toss', 'Amumu tosses a sticky bandage at a target, stunning and damaging the target while he pulls himself to them.', 'Active', '1', '80', 'Unknown', 16),
('Barrel Roll', 'Gragas rolls his cask to a location, which can be activated to explode or will explode on its own after 4 seconds. Enemies struck by the blast have their Movement Speed slowed.', 'Active', '40', '80', 'Unknown', 11),
('Barrier', 'Shields your champion from 115-455 damage (depending on champion level) for 2 seconds.', 'Active', '20', '95', 'Unknown', 180),
('Battle Cry', 'Xin Zhao passively will critically strike every third attack, healing on every third hit. This ability can be activated to attack faster.', 'Active', '40', '30', 'Unknown', 16),
('Battle Roar', 'Rengar lets out a battle roar, damaging enemies and healing for some of the recent damage he has taken.<br><br>Ferocity effect: additionally breaks crowd control effects and grants immunity to them for a short duration.', 'Active', '50', '50', 'Unknown', 0),
('Bear Trap on a Rope', 'Kled throws a bear trap that damages and hooks an enemy champion. If shackled for a short duration, the target takes additional physical damage and is yanked toward Kled.<br><br>When dismounted, this ability is replaced by Pocket Pistol, a ranged gun blas', 'Active', '0.6', '50', 'Unknown', 9),
('Black Shield', 'Places a protective barrier around an allied champion, absorbing magical damage and disables until penetrated or the shield dissipates.', 'Active', '5', '70', 'Unknown', 23),
('Blade of the Exile', 'Riven empowers her keepsake weapon with energy, and gains Attack Damage and Range. During this time, she also gains the ability to use Wind Slash, a powerful ranged attack, once.', 'Active', '300', '100', 'Unknown', 130),
('Blades of Torment', 'Aatrox unleashes the power of his blade, dealing damage to enemies hit and slowing them.', 'Active', '40', '75', 'Unknown', 12),
('Bladework', 'Fiora has increased attack speed for the next two attacks. The first attack slows the target, and the second attack will critically strike.', 'Active', '1', '3', 'Unknown', 13),
('Blinding Assault', 'Quinn calls Valor to mark an enemy and hinder its vision before damaging all enemies in the immediate area.', 'Active', '-1000', '20', 'Unknown', 11),
('Blood Boil', 'Nunu invigorates himself and an allied unit by heating their blood, increasing their Movement and Attack Speeds.', 'Active', '8', '25', 'Unknown', 15),
('Blood Rush', 'Draven gains increased Movement Speed and Attack Speed. The Movement Speed bonus decreases rapidly over its duration. Catching a Spinning Axe will refresh the cooldown of Blood Rush.', 'Active', '40', '4', 'Unknown', 12),
('Blood Scent', 'Warwick passively senses weakened enemy champions around him. The scent of blood sends him into a fury, causing him to move at incredible speeds.', 'Active', '20', '1500', 'Unknown', 1),
('Blood Thirst / Blood Price', 'While toggled on Aatrox deals bonus damage every third subsequent attack at the expense of his own Health. While toggled off Aatrox restores Health every third subsequent attack.', 'Active', '60', '200', 'Unknown', 1),
('Bloodlust', 'Tryndamere thrives on the thrills of combat, increasing his Attack Damage as he is more and more wounded. He can cast Bloodlust to consume his Fury and heal himself.', 'Active', '0.15', '5', 'Unknown', 12),
('Body Slam', 'Gragas charges to a location and collides with the first enemy unit he comes across, dealing damage to all nearby enemy units and stunning them.', 'Active', '1', '80', 'Unknown', 16),
('Bola Strike', 'Rengar throws a bola, slowing the first target hit for a short duration.<br><br>Ferocity effect: roots the target.', 'Active', '30', '50', 'Unknown', 0),
('Boomerang Blade', 'Sivir hurls her crossblade like a boomerang, dealing damage each way.', 'Active', '15', '25', 'Unknown', 9),
('Boomerang Throw / Boulder Toss', 'Gnar throws a boomerang that damages and slows enemies it hits before returning to him. If he catches the boomerang its cooldown is reduced.<br><br>Mega Gnar instead throws a boulder that stops on the first unit hit, damaging and slowing everything nearby', 'Active', '5', '5', 'Unknown', 20),
('Bouncing Blade', 'Katarina throws a <span class="colorFFF673">Dagger</span> at the target that then bounces to nearby enemies before ricocheting onto the ground.', 'Active', '350', '75', 'Unknown', 11),
('Bouncing Bomb', 'Ziggs throws a bouncing bomb that deals magic damage.', 'Active', '850', '75', 'Unknown', 6),
('Broken Wings', 'Riven lashes out in a series of strikes. This ability can be reactivated three times in a short time frame with the third hit knocking back nearby enemies.', 'Active', '30', '10', 'Unknown', 13),
('Brutal Strikes', 'Malphite starts to hit with such force that his attacks deal damage to all units in front of him. Passively increases his Armor.', 'Active', '15', '15', 'Unknown', 12),
('Burning Agony', 'Dr. Mundo drains his Health to reduce the duration of disables and deal continual damage to nearby enemies.', 'Active', '10', '10', 'Unknown', 4),
('Burnout', 'Shyvana surrounds herself in fire, dealing magic damage per second to nearby enemies and moving faster for 3 seconds, part of this damage is applied again when Shyvana basic attacks an enemy with Burnout active. The Movement Speed reduces over the duratio', 'Active', '30', '20', 'Unknown', 12),
('Buster Shot', 'Tristana loads a massive cannonball into her weapon and fires it at an enemy unit. This deals Magic Damage and knocks the target back. If the target is carrying the Explosive Charge bomb, the bomb detonation radius is doubled.', 'Active', '600', '300', 'Unknown', 100),
('Call of the Void', 'Malzahar opens up two portals to the Void. After a short delay, they fire projectiles that deal Magic Damage and silence enemy champions.', 'Active', '1', '70', 'Unknown', 6),
('Cannon Barrage', 'Gangplank signals his ship to bombard an area, slowing and damaging enemies.', 'Active', '30', '35', 'Unknown', 180),
('Captive Audience', 'Jhin places an invisible lotus trap that blooms when walked over. It slows nearby enemies before dealing damage with an explosion of serrated petals. <br><br><span class="colorFFFFFF">Beauty in Death -</span> When Jhin kills an enemy champion, a lotus tra', 'Active', '20', '65', 'Unknown', 2),
('Cataclysm', 'Jarvan IV heroically leaps into battle at a target with such force that he terraforms the surrounding area to create an arena around them. Nearby enemies are damaged at the moment of impact.', 'Active', '3.5', '200', 'Unknown', 120),
('Celestial Expansion', 'Aurelion Sol pushes his stars farther out, magnifying their damage.', 'Active', '5', '150', 'Unknown', 6),
('CH-2 Electron Storm Grenade', 'Heimerdinger lobs a grenade at a location, dealing damage to enemy units, as well as stunning anyone directly hit and slowing surrounding units.', 'Active', '2', '60', 'Unknown', 18),
('Chaaaaaaaarge!!!', 'Kled and Skaarl charge to a location, leaving a speed-granting trail behind them and gaining a shield. Skaarl locks onto and rams the first enemy champion encountered.', 'Active', '4', '12', 'Unknown', 160),
('Chain of Corruption', 'Varus flings out a damaging tendril of corruption that immobilizes the first enemy champion hit and then spreads towards nearby uninfected champions, immobilizing them too on contact.', 'Active', '2', '100', 'Unknown', 110),
('Chaos Storm', 'Viktor conjures a singularity on the field which deals magic damage and interrupts enemy channels. The singularity then periodically does magic damage to all nearby enemies. Viktor can redirect the singularity.<br><br>Augment: The Chaos Storm moves faster', 'Active', '150', '100', 'Unknown', 120),
('Charm', 'Ahri blows a kiss that damages and charms an enemy it encounters, causing them to walk harmlessly towards her.', 'Active', '1', '60', 'Unknown', 12),
('Children of the Grave', 'Mordekaiser curses an enemy champion or the Dragon, stealing a percent of their life initially and each second. If the target dies while the spell is active, their soul is enslaved and will follow Mordekaiser as a ghost.', 'Active', '55', '25', 'Unknown', 120),
('Chomp', 'Trundle bites his opponent, dealing damage, briefly slowing and sapping some of their Attack Damage.', 'Active', '100', '20', 'Unknown', 4),
('Chronobreak', 'Ekko shatters his timeline, becoming untargetable and rewinding to a more favorable point in time. He returns to whenever he was a few seconds ago, and heals for a percentage of the damage received in that duration. Enemies near his arrival zone take mass', 'Active', '20', '150', 'Unknown', 110),
('Chronoshift', 'Zilean places a protective time rune on an allied champion, teleporting the champion back in time if they take lethal damage.', 'Active', '5', '600', 'Unknown', 120),
('Chum the Waters', 'Fizz tosses a fish in a direction that attaches to any champion that touches it, slowing the target. After a short delay, a shark erupts from the ground, knocking up the target and knocking any nearby enemies aside. All enemies hit are dealt magic damage', 'Active', '225', '150', 'Unknown', 100),
('Cleanse', 'Removes all disables and summoner spell debuffs affecting your champion and lowers the duration of incoming disables by 65% for 3 seconds.', 'Active', '3', '0.65', 'Unknown', 210),
('Cocoon / Rappel', 'Human Form: Stuns the first enemy unit hit and reveals them if they are not stealthed.<br><br>Spider Form: Elise and her Spiderlings ascend into the air and then descend upon target enemy.', 'Active', '15', '14', 'Unknown', 14),
('Collateral Damage', 'Graves fires an explosive shell dealing heavy damage to the first champion it hits. After hitting a champion or reaching the end of its range, the shell explodes dealing damage in a cone.', 'Active', '200', '250', 'Unknown', 100),
('Comet of Legend', 'Aurelion Sol gains speed while moving in one continuous direction, and can take off flying for a long distance.', 'Active', '25', '5', 'Unknown', 60),
('Command: Attack', 'Orianna commands her Ball to fire toward a target location, dealing magic damage to targets along the way (deals less damage to subsequent targets). Her Ball remains at the target location after.', 'Active', '10', '60', 'Unknown', 6),
('Command: Dissonance', 'Orianna commands the Ball to release a pulse of energy, dealing magic damage around it. This leaves a field behind that speeds up allies and slows enemies.', 'Active', '20', '70', 'Unknown', 9),
('Command: Protect', 'Orianna commands her Ball to attach to an allied champion, shielding them and dealing magic damage to any enemies it passes through on the way. Additionally, the Ball grants additional Armor and Magic Resist to the champion it is attached to.', 'Active', '10', '80', 'Unknown', 9),
('Command: Shockwave', 'Orianna commands her Ball to unleash a shockwave, dealing magic damage and launching nearby enemies towards the Ball after a short delay.', 'Active', '40', '150', 'Unknown', 110),
('Condemn', 'Vayne draws a heavy crossbow from her back, and fires a huge bolt at her target, knocking them back and dealing damage. If they collide with terrain, they are impaled, dealing bonus damage and stunning them.', 'Active', '45', '45', 'Unknown', 20),
('Conflagration', 'Brand conjures a powerful blast at his target, dealing magic damage to them. If the target is ablaze, Conflagration spreads to nearby enemies.', 'Active', '375', '70', 'Unknown', 10),
('Conquering Sands', 'Azir sends all Sand Soldiers towards a location. Sand Soldiers deal magic damage to enemies they pass through and apply a slow for 1 second.', 'Active', '25', '65', 'Unknown', 0),
('Consume', 'Nunu commands the yeti to take a bite out of a target minion or monster, dealing heavy damage to it and healing himself.', 'Active', '70', '400', 'Unknown', 12),
('Contaminate', 'Twitch wreaks further havoc on poisoned enemies with a blast of his vile diseases.', 'Active', '20', '15', 'Unknown', 12),
('Cosmic Binding', 'Bard fires a missile which will slow the first enemy struck, and continue onward. If it strikes a wall, it will stun the initial target; if it strikes another enemy, it will stun them both.', 'Active', '1', '80', 'Unknown', 11),
('Cosmic Radiance', 'Pulses cosmic energy onto nearby allied champions after a delay, making them invulnerable for a short duration.', 'Active', '25', '150', 'Unknown', 160),
('Courage', 'Garen passively increases his armor and magic resist by killing enemies. He may also activate this ability to grant himself a shield that reduces incoming damage for a short time.', 'Active', '30', '0.25', 'Unknown', 24),
('Crescent Slash', 'Akali flourishes her kamas, dealing damage based on her bonus Attack Damage and Ability Power. When Crescent Slash kills a unit, it has a shorter cooldown.', 'Active', '1', '70', 'Unknown', 5),
('Crescent Strike', 'Diana swings her blade to unleash a bolt of lunar energy that deals damage in an arc before exploding. Afflicts enemies struck with the Moonlight debuff, revealing them if they are not stealthed.', 'Active', '15', '60', 'Unknown', 10),
('Crescent Sweep', 'Xin Zhao deals damage to nearby enemies based on their current Health and knocks non-challenged targets back. Xin Zhao gains bonus Armor and Magic Resist based on number of champions hit.', 'Active', '15', '75', 'Unknown', 120),
('Crowstorm', 'A murder of crows flock wildly around Fiddlesticks, dealing damage per second to all enemy units in the area.', 'Active', '5', '125', 'Unknown', 150),
('Crystal Slash', 'Skarner lashes out with his claws, dealing physical damage to all nearby enemies and charging himself with Crystal Energy for several seconds if a unit is struck. If he casts Crystal Slash again while powered by Crystal Energy, he deals bonus magic damage', 'Active', '4', '33', 'Unknown', 4),
('Crystalline Exoskeleton', 'Skarner gains a shield and has increased Movement Speed while the shield persists.', 'Active', '30', '10', 'Unknown', 13),
('Crystallize', 'Anivia condenses the moisture in the air into an impassable wall of ice to block all movement. The wall only lasts a short duration before it melts.', 'Active', '400', '5', 'Unknown', 17),
('Cull the Meek', 'Renekton swings his blade, dealing moderate physical damage to all targets around him, and heals for a small portion of the damage dealt. If he has more than 50 Fury, his damage and heal are increased.', 'Active', '3', '60', 'Unknown', 8),
('Curse of the Sad Mummy', 'Amumu entangles surrounding enemy units in bandages, damaging them and rendering them unable to attack or move.', 'Active', '2', '150', 'Unknown', 150),
('Curtain Call', 'Jhin channels, transforming Whisper into a shoulder-mounted mega-cannon. It is able to fire 4 super shots at extreme range that pierce through minions and monsters, but stop on the first champion impacted. Whisper cripples enemies hit, which slows them an', 'Active', '200', '40', 'Unknown', 120),
('Daisy!', 'Ivern summons his Sentinel friend Daisy to fight with him. Daisy will send out a shockwave if she attacks the same champion three times in a row.', 'Active', '20', '1250', 'Unknown', 160),
('Dance of Arrows', 'Kindred tumbles and shoots up to three arrows at nearby targets.', 'Active', '0.2', '55', 'Unknown', 9),
('Dancing Grenade', 'Jhin launches a magical cartridge at an enemy. It can hit up to four targets and gains damage each time it kills.', 'Active', '35', '50', 'Unknown', 7),
('Dark Binding', 'Morgana releases a sphere of dark magic. Upon contact with an enemy unit, the sphere will deal magic damage and force the unit to the ground for a period of time.', 'Active', '2', '80', 'Unknown', 11),
('Dark Flight', 'Aatrox takes flight and slams down at a targeted location, dealing damage and knocking up enemies at the center of impact.', 'Active', '22', '70', 'Unknown', 16),
('Dark Frenzy', 'Evelynn passively increases her Movement Speed when hitting enemy champions with her spells. Upon activation, Evelynn breaks free from slows affecting her and gains a massive Movement Speed boost for a short duration.', 'Active', '3', '1', 'Unknown', 15),
('Dark Matter', 'Veigar calls a great mass of dark matter to fall from the sky to the target location, dealing magic damage when it lands.', 'Active', '1.2', '100', 'Unknown', 10),
('Dark Passage', 'Thresh throws out a lantern that shields nearby allied Champions from damage. Allies can click the lantern to dash to Thresh.', 'Active', '1', '60', 'Unknown', 22),
('Dark Procession', 'Yorick summons a destructible wall at target location that will block enemy movement.', 'Active', '18', '4', 'Unknown', 20),
('Dark Sphere', 'Syndra conjures a Dark Sphere dealing magic damage. The sphere remains and can be manipulated by her other powers.', 'Active', '6', '50', 'Unknown', 4),
('Dark Wind', 'A wisp of wind strikes an enemy unit and then bounces to nearby enemy units, dealing damage and silencing the victims.', 'Active', '1.25', '65', 'Unknown', 15),
('Dazzle', 'Taric readies a beam of starlight that, after a brief delay, deals magic damage and stuns enemies.', 'Active', '1', '60', 'Unknown', 15),
('Deadly Spines', 'Thick vines spread through the ground and explode into spines, dealing magic damage to enemies within the area. If cast near a seed, Deadly Spines grows a Thorn Spitter plant, which fires at enemies from afar.', 'Active', '0', '60', 'Unknown', 7),
('Death Lotus', 'Katarina becomes a flurry of blades, dealing massive magic damage while she channels to the 3 nearest enemy champions.', 'Active', '6', '25', 'Unknown', 90),
('Death Mark', 'Zed leaves a shadow behind and dashes to target Champion, marking them for death. After 3 seconds, the mark will trigger, dealing a percentage of the damage Zed has dealt while the mark was active. If the Champion dies under Death Mark, Zed can gain a por', 'Active', '25', '1', 'Unknown', 120),
('Death Sentence', 'Thresh binds an enemy in chains and pulls them toward him. Activating this ability a second time pulls Thresh to the enemy.', 'Active', '1.5', '80', 'Unknown', 20),
('Deceive', 'Shaco becomes Invisible and teleports to target location. His next attack deals bonus damage.', 'Active', '200', '20', 'Unknown', 14),
('Decimate', 'Darius winds up and swings his axe in a wide circle. Enemies struck by the blade take more damage than those struck by the handle. Darius heals based on enemy champions hit by the blade.', 'Active', '40', '100', 'Unknown', 9),
('Decimating Smash', 'Sion charges a powerful swing in an area in front of himself that will deal damage to enemies when released. If he charges for enough time, enemies hit by the swing will also be knocked up and stunned.</span>', 'Active', '1.25', '20', 'Unknown', 10),
('Decisive Strike', 'Garen gains a burst of movement speed, breaking free of all slows affecting him. His next attack strikes a vital area of his foe, dealing bonus damage and silencing them.', 'Active', '30', '30', 'Unknown', 8),
('Decrepify', 'Swain sends Beatrice to cripple enemies within the target area. Crippled targets are slowed and damaged over time.', 'Active', '20', '30', 'Unknown', 14),
('Defensive Ball Curl', 'Rammus goes into a defensive formation, vastly increasing his Armor and Magic Resist, while returning damage to attacks.', 'Active', '25', '40', 'Unknown', 14),
('Defile', 'Karthus passively steals energy from his victims, gaining Mana on each kill. Alternatively, Karthus can surround himself in the souls of his prey, dealing damage to nearby enemies, but quickly draining his own Mana.', 'Active', '20', '30', 'Unknown', 1),
('Demacian Standard', 'Jarvan IV carries the pride of Demacia, passively granting him bonus Attack Speed. Activating Demacian Standard allows Jarvan IV to place a Demacian flag that deals magic damage on impact and grants Attack Speed to nearby allied champions.', 'Active', '60', '10', 'Unknown', 13),
('Depth Charge', 'Nautilus fires a shockwave into the earth that chases an opponent. This shockwave rips up the earth above it, knocking enemies into the air. When it reaches the opponent, the shockwave erupts, knocking his target into the air and stunning them.', 'Active', '200', '125', 'Unknown', 140),
('Despair', 'Overcome by anguish, nearby enemies lose a percentage of their maximum Health each second.', 'Active', '8', '1', 'Unknown', 1),
('Destiny', 'Twisted Fate predicts the fortunes of his foes, revealing all enemy champions and enabling the use of Gate, which teleports Twisted Fate to any target location in 1.5 seconds.', 'Active', '180', '6', 'Unknown', 180),
('Devastating Charge', 'Hecarim gains increasing Movement Speed and can move through units for a short duration. His next attack knocks the target back and deals additional physical damage based on the distance he has traveled since activating the ability.', 'Active', '450', '250', 'Unknown', 24),
('Devour', 'Tahm Kench devours a target, dealing a percentage of their maximum health as magic damage. He can spit devoured minions and monsters out as a skillshot that deals magic damage in an area upon impact.', 'Active', '400', '4', 'Unknown', 14),
('Disintegrate', 'Annie hurls a Mana infused fireball, dealing damage and refunding the Mana cost if it destroys the target.', 'Active', '0', '80', 'Unknown', 4),
('Distortion', 'LeBlanc rapidly dashes to a target location, dealing magic damage to nearby units. In the following 4 seconds, she can activate Distortion again to return to her starting location.', 'Active', '2', '85', 'Unknown', 18),
('Divine Blessing', 'Blesses a target friendly champion, granting them increased Movement Speed and healing them.', 'Active', '18', '60', 'Unknown', 15),
('Dominus', 'Renekton transforms into the Tyrant form, gaining bonus Health and dealing damage to enemies around him. While in this form, Renekton gains Fury periodically.', 'Active', '40', '250', 'Unknown', 120),
('Double Up', 'Miss Fortune fires a bullet at an enemy, damaging them and a target behind them. Both strikes can also apply Love Tap.', 'Active', '20', '0.85', 'Unknown', 7),
('Dragon Strike', 'Jarvan IV extends his lance, dealing physical damage and lowering the Armor of enemies in its path. Additionally, this will pull Jarvan to his Demacian Standard, knocking up enemies in his path.', 'Active', '10', '70', 'Unknown', 10),
('Drain', 'Fiddlesticks saps the life force of an enemy, dealing damage to a target over time and healing himself.', 'Active', '4', '60', 'Unknown', 4),
('Dredge Line', 'Nautilus hurls his anchor forward. If it hits a champion, he drags both himself and the opponent close together. If it hits terrain, Nautilus instead pulls himself to the anchor and the cooldown of Dredge Line is reduced by half.', 'Active', '10.5', '60', 'Unknown', 18),
('Drunken Rage', 'Gragas guzzles down brew from his cask for 1 second. After finishing, he becomes drunkenly empowered, dealing magic damage to all nearby enemies on his next basic attack and reducing damage received.', 'Active', '8', '10', 'Unknown', 8),
('Duskbringer', 'Nocturne throws a shadow blade that deals damage, leaves a Dusk Trail, and causes champions to leave a Dusk Trail. While on the trail, Nocturne can move through units and has increased Movement Speed and Attack Damage.', 'Active', '60', '15', 'Unknown', 10),
('Ebb and Flow', 'Unleashes a stream of water that bounces back and forth between allied and enemy champions, healing allies and damaging enemies.', 'Active', '3', '70', 'Unknown', 10),
('Eclipse', 'Leona raises her shield to gain Armor and Magic Resist. When the duration first ends, if there are nearby enemies, she will deal magic damage to them and prolong the duration of the effect.', 'Active', '20', '60', 'Unknown', 14),
('Elastic Slingshot', 'Zac attaches his arms to the ground and stretches back, launching himself forward.', 'Active', '0.04', '80', 'Unknown', 24),
('Electrical Surge', 'Kennen passively deals extra damage and adds a Mark of the Storm to his target every few attacks, and he can activate this ability to damage and add another Mark of the Storm to targets who are already marked.', 'Active', '40', '65', 'Unknown', 14),
('Electro Harpoon', 'Rumble launches a taser, electrocuting his target with magic damage and slowing their Movement Speed. Rumble can carry 2 harpoons at a time. While in Danger Zone the damage and slow percentage is increased.', 'Active', '15', '45', 'Unknown', 1),
('Empower', 'Jax charges his weapon with energy, causing his next attack to deal additional damage.', 'Active', '0', '40', 'Unknown', 7),
('Enchanted Crystal Arrow', 'Ashe fires a missile of ice in a straight line. If the arrow collides with an enemy Champion, it deals damage and stuns the Champion, stunning for longer the farther arrow has traveled. In addition, surrounding enemy units take damage and are slowed.', 'Active', '3.5', '200', 'Unknown', 100),
('End of the Line', 'Graves fires an explosive shell that detonates after 2 seconds, or 0.2 seconds if it strikes terrain.', 'Active', '80', '55', 'Unknown', 14),
('Equinox', 'Creates a zone at a location that silences all enemies inside. When the zone expires, all enemies still inside are rooted.', 'Active', '70', '1', 'Unknown', 24),
('Essence Flux', 'Ezreal fires a fluctuating wave of energy, dealing magic damage to enemy champions, while increasing the Attack Speed of allied champions.', 'Active', '20', '70', 'Unknown', 9),
('Ethereal Chains', 'LeBlanc flings illusionary chains towards a target location. If it hits an enemy unit, it will deal initial magic damage and shackle them. If the target remains shackled for 1.5 seconds, the target takes additional magic damage and is unable to move.', 'Active', '1.5', '40', 'Unknown', 0),
('Event Horizon', 'After a brief delay Veigar twists the edges of space around the target location for 3 seconds, stunning enemies who pass through the perimeter.', 'Active', '0.5', '1.5', 'Unknown', 18),
('Exhaust', 'Exhausts target enemy champion, reducing their Movement Speed and Attack Speed by 30%, their Armor and Magic Resist by 10, and their damage dealt by 40% for 2.5 seconds.', 'Active', '40', '2.5', 'Unknown', 210),
('Explosive Cask', 'Gragas hurls his cask to a location, dealing damage and knocking back enemies caught in the blast radius.', 'Active', '900', '200', 'Unknown', 100),
('Explosive Charge', 'When Tristana kills a unit, her cannonballs burst into shrapnel, dealing damage to surrounding enemies. Can be activated to place a bomb on a target enemy that explodes after a short duration dealing damage to surrounding units.', 'Active', '4', '50', 'Unknown', 16),
('Eye of Destruction', 'Calls down a barrage of arcane energy, slowing and dealing magic damage to all enemies in an area. Targets in the middle receive additional damage and a stronger slow.', 'Active', '2', '60', 'Unknown', 1),
('Eye Of The Storm', 'Janna conjures a defensive gale that shields an ally champion or turret from incoming damage and increases their Attack Damage.', 'Active', '10', '80', 'Unknown', 10),
('Final Hour', 'Readying herself for an epic confrontation, Vayne gains increased Attack Damage, Invisibility during Tumble, and triple the bonus Movement Speed from Night Hunter.', 'Active', '8', '30', 'Unknown', 100),
('Flame Chompers!', 'Jinx throws out a line of snare grenades that explode after 5 seconds, lighting enemies on fire. Flame Chompers will bite enemy champions who walk over them, rooting them in place.', 'Active', '100', '70', 'Unknown', 24),
('Flamespitter', 'Rumble torches opponents in front of him, dealing magic damage in a cone for 3 seconds. While in Danger Zone this damage is increased.', 'Active', '20', '75', 'Unknown', 6),
('Flash Frost', 'Anivia brings her wings together and summons a sphere of ice that flies towards her opponents, chilling and damaging anyone in its path. When the sphere explodes it does moderate damage in a radius, stunning anyone in the area.', 'Active', '13', '60', 'Unknown', 12),
('Fling', 'Damages target enemy unit and flings them into the air behind Singed. If the target Singed flings lands in his Mega Adhesive, they are also rooted.', 'Active', '1', '50', 'Unknown', 10),
('Focused Resolve', 'Karma creates a tether between herself and a targeted enemy, dealing damage over time and revealing them. If the tether is not broken, the enemy will be rooted.<br><br>Mantra Bonus: Karma strengthens the link, healing herself and extending the root durati', 'Active', '1', '60', 'Unknown', 12),
('Force of Will', 'Syndra picks up and throws a Dark Sphere or enemy minion dealing magic damage and slowing the Movement Speed of enemies.', 'Active', '80', '25', 'Unknown', 12),
('Force Pulse', 'Kassadin draws energy from spells cast in his vicinity. Upon charging up, Kassadin can use Force Pulse to damage and slow enemies in a cone in front of him.', 'Active', '50', '80', 'Unknown', 6),
('Fox-Fire', 'Ahri releases three fox-fires, that lock onto and attack nearby enemies.', 'Active', '12', '40', 'Unknown', 9),
('Fracture', 'Skarner summons a blast of crystalline energy which deals damage to enemies struck and slows them. Basic attacking these enemies within a short window will stun them.', 'Active', '25', '40', 'Unknown', 14),
('Frostbite', 'With a flap of her wings, Anivia blasts a freezing gust of wind at her target, dealing a low amount of damage. If the target was recently stunned by Flash Frost or damaged by a fully formed Glacial Storm, the damage they take is doubled.', 'Active', '0', '50', 'Unknown', 4),
('Frozen Domain', 'Trundle turns target location into his domain, gaining Attack Speed, Movement Speed, and increased healing from all sources while on it.', 'Active', '20', '20', 'Unknown', 15),
('Frozen Tomb', 'If cast on an enemy champion, the target is frozen solid, stunning it. If cast on Lissandra, she encases herself in dark ice, healing herself while becoming untargetable and invulnerable. Dark ice then emanates from the target dealing magic damage to enem', 'Active', '30', '150', 'Unknown', 130),
('Fury of the Sands', 'Nasus unleashes a mighty sandstorm that batters nearby enemies. While the storm rages, he gains increased Health, Attack Range, damages nearby enemies and gains bonus Armor and Magic Resistance for the duration.', 'Active', '50', '300', 'Unknown', 120),
('Ghost', 'Your champion can move through units and has 28-45% (depending on champion level) increased Movement Speed for 10 seconds.', 'Active', '1', '27', 'Unknown', 180),
('Glacial Fissure', 'Braum slams the ground, knocking up enemies nearby and in a line in front of him. A fissure is left along the line that slows enemies.', 'Active', '0.3', '150', 'Unknown', 140),
('Glacial Prison', 'Sejuani throws her True Ice bola in a line. If the bola hits an enemy champion, it shatters, stunning the target and nearby enemies. If the bola reaches its maximum range, it shatters and slows nearby enemies.', 'Active', '1.25', '150', 'Unknown', 130),
('Glacial Storm', 'Anivia summons a driving rain of ice and hail to damage her enemies and slow their advance.', 'Active', '40', '40', 'Unknown', 6),
('Glitterlance', 'Pix and Lulu each fire a bolt of magical energy that heavily slows all enemies it hits. An enemy can only be damaged by one bolt.', 'Active', '80', '80', 'Unknown', 7),
('GNAR!', 'Mega Gnar throws everything around him in a chosen direction, dealing damage and slowing them.  Any enemy that hits a wall is stunned and takes bonus damage.', 'Active', '45', '200', 'Unknown', 120),
('Golden Aegis', 'Jarvan IV calls upon the ancient kings of Demacia to shield him from harm and slow surrounding enemies.', 'Active', '15', '50', 'Unknown', 12),
('Grand Challenge', 'Fiora reveals all four Vitals on an enemy champion and gains movement speed while near them. If Fiora hits all 4 Vitals or if the target dies after she has hit at least one, Fiora and her allies in the area are healed over the next few seconds.', 'Active', '30', '8', 'Unknown', 110),
('Grand Skyfall', 'Pantheon composes himself then leaps into the air to a target, striking all enemy units in an area. Enemies closer to the impact point take more damage.', 'Active', '5500', '400', 'Unknown', 150),
('Grasping Roots', 'Zyra sends forth vines through the ground to ensnare her target, dealing damage and rooting enemies they come across. If cast near a seed, Grasping Roots grows a Vine Lasher, whose short range attacks reduce enemy Movement Speed.', 'Active', '30', '60', 'Unknown', 12),
('Gravity Field', 'Viktor conjures a heavy gravitational field that slows enemies in its radius. Enemies who stay within the device for too long are stunned.<br><br>Augment: Enemies stunned by Gravity Field are dragged to the center.', 'Active', '1.5', '28', 'Unknown', 17),
('Ground Slam', 'Malphite slams the ground, sending out a shockwave that deals magic damage based on his Armor as damage and reduces the Attack Speed of enemies for a short duration.', 'Active', '60', '30', 'Unknown', 7),
('H-28G Evolution Turret', 'Heimerdinger lays down a rapid-fire cannon turret equipped with a secondary pass-through beam attack (turrets deal half damage to towers).', 'Active', '40', '12', 'Unknown', 1),
('Hallucinate', 'Shaco creates an illusion of himself near him, which can attack nearby enemies (Deals reduced damage to turrets).  Upon death, it explodes, spawning three mini Jack in the Boxes and dealing damage to nearby enemies.', 'Active', '50', '300', 'Unknown', 100),
('Hammer Shock', 'Poppy swings her hammer, dealing damage and creating a zone that will slow enemies and explode after a delay.', 'Active', '0.5', '35', 'Unknown', 9),
('Harsh Lesson', 'Illaoi leaps to her target, dealing physical damage and causing nearby Tentacles to also swing at the target.', 'Active', '2', '3', 'Unknown', 4),
('Hate Spike', 'Evelynn fires a line of spikes through an enemy, dealing damage to all enemies in its path.', 'Active', '35', '40', 'Unknown', 2),
('Hawkshot', 'Ashe sends her Hawk Spirit on a scouting mission anywhere on the map.', 'Active', '50', '3', 'Unknown', 5),
('Heal', 'Restores 90-345 Health (depending on champion level) and grants 30% Movement Speed for 1 second to you and target allied champion. This healing is halved for units recently affected by Summoner Heal.', 'Active', '75', '0.3', 'Unknown', 240),
('Heightened Senses', 'Passively grants Quinn Attack Speed and Movement Speed after she attacks a <span class="colorFFF673">Vulnerable</span> target. Activate to have Valor reveal a large area nearby.', 'Active', '20', '2', 'Unknown', 50);
INSERT INTO `abilities` (`Name`, `effect`, `mTrigger`, `Scaling`, `Damage`, `DamageType`, `Cooldown`) VALUES
('Help, Pix!', 'If cast on an ally, commands Pix to jump to an ally and shield them. He then follows them and aids their attacks. If cast on an enemy, commands Pix to jump to an enemy and damage them. He then follows them and grants you vision of that enemy.', 'Active', '80', '6', 'Unknown', 10),
('Hemoplague', 'Vladimir infects an area with a virulent plague. Affected enemies take increased damage for the duration. After a few seconds, Hemoplague deals magic damage to infected enemies and heals Vladimir for each enemy Champion hit.', 'Active', '10', '150', 'Unknown', 150),
('Heroic Charge', 'Poppy dashes to the target and pushes it back. If the target is pushed into a wall, it is stunned.', 'Active', '50', '50', 'Unknown', 14),
('Hexplosive Minefield', 'Ziggs scatters proximity mines that detonate on enemy contact, dealing magic damage and slowing.', 'Active', '20', '40', 'Unknown', 16),
('Hextech Micro-Rockets', 'Heimerdinger fires long-range rockets that converge on his cursor.', 'Active', '12', '60', 'Unknown', 11),
('Hiten Style', 'Irelia is skilled in the art of Hiten, passively giving her physical attacks Health restoration. Activating Hiten Style doubles her Health restoration and gives her basic attacks true damage.', 'Active', '15', '5', 'Unknown', 15),
('Hop / Crunch', 'Gnar leaps to a location and bounces off the head of any unit he lands on, traveling further.<br><br>Mega Gnar is too large to bounce and instead lands with earth-shattering force, dealing damage in an area around him.', 'Active', '20', '20', 'Unknown', 22),
('Howling Gale', 'By creating a localized change in pressure and temperature, Janna is able to create a small storm that grows in size with time. She can activate the spell again to release the storm. On release this storm will fly towards the direction it was cast in, dea', 'Active', '15', '60', 'Unknown', 14),
('Hungering Strike', 'Takes a bite out of an enemy unit and heals Warwick.', 'Active', '8', '75', 'Unknown', 10),
('Hymn of Valor', 'Sona plays the Hymn of Valor, sends out bolts of sound, dealing magic damage to two nearby enemies, prioritizing champions and monsters. Sona gains a temporary aura that grants allies tagged by the zone bonus damage on their next attack against enemies.', 'Active', '400', '40', 'Unknown', 8),
('Hyper-Kinetic Position Reverser', 'Urgot charges up his Hyper-Kinetic Position Reverser, swapping positions with the target and terrifying nearby enemies for 1.5 seconds. His target is suppressed for the duration of the channel. He gains Damage Reduction during and after the swap.', 'Active', '30', '550', 'Unknown', 120),
('Ice Blast', 'Nunu launches a ball of ice at an enemy unit, dealing damage and temporarily slowing their Movement and Attack Speeds.', 'Active', '40', '80', 'Unknown', 6),
('Ice Shard', 'Throws a spear of ice that shatters when it hits an enemy, dealing magic damage and slowing Movement Speed. Shards pass through the target, dealing the same damage to other enemies hit.', 'Active', '1.5', '70', 'Unknown', 6),
('Idol of Durand', 'Galio assumes the form of a statue, taunting nearby enemies and storing concussive energy as they attack him. Galio then bursts from his statue shell, releasing the stored energy to damage surrounding foes.', 'Active', '10', '200', 'Unknown', 150),
('Ignite', 'Ignites target enemy champion, dealing 70-410 true damage (depending on champion level) over 5 seconds, grants you vision of the target, and reduces healing effects on them for the duration.', 'Active', '10', '5', 'Unknown', 210),
('Impale', 'Skarner suppresses an enemy champion and deals damage to it. During this time, Skarner can move freely and will drag his helpless victim around with him. When the effect ends, the target will be dealt additional damage.', 'Active', '20', '1.75', 'Unknown', 120),
('Incinerate', 'Annie casts a blazing cone of fire, dealing damage to all enemies in the area.', 'Active', '0', '70', 'Unknown', 8),
('Infinite Duress', 'Warwick lunges at an enemy champion, suppressing his target and dealing magic damage for a few seconds.', 'Active', '1.8', '150', 'Unknown', 110),
('Inner Flame', 'Karma sends forth a ball of spirit energy that explodes and deals damage upon hitting an enemy unit.<br><br>Mantra Bonus: In addition to the explosion, Mantra increases the destructive power of her Inner Flame, creating a cataclysm which deals damage afte', 'Active', '25', '80', 'Unknown', 7),
('Insanity Potion', 'Singed drinks a potent brew of chemicals, granting him increased combat stats.', 'Active', '25', '35', 'Unknown', 100),
('Inspire', 'Karma summons a protective shield that absorbs incoming damage and increases the Movement Speed of the protected ally.<br><br>Mantra Bonus: Energy radiates out from her target, strengthening the initial shield and applying Inspire to nearby allied champio', 'Active', '1.5', '70', 'Unknown', 10),
('Intervention', 'Shields Kayle or an ally for a short time, causing them to be immune to damage.', 'Active', '0', '2', 'Unknown', 100),
('Jack In The Box', 'Shaco creates a hidden animated Jack-in-the-Box. When triggered, it will fear and attack nearby enemies.', 'Active', '200', '35', 'Unknown', 16),
('Javelin Toss / Takedown', 'In human form, Nidalee throws a spiked javelin at her target that gains damage as it flies.  As a cougar, her next attack will attempt to fatally wound her target, dealing more damage the less life they have.', 'Active', '210', '70', 'Unknown', 6),
('Judgment', 'Garen performs a dance of death with his sword, dealing damage around him for the duration.', 'Active', '3', '14', 'Unknown', 9),
('Ki Burst', 'Riven emits a Ki Burst, damaging and stunning nearby enemies.', 'Active', '40', '50', 'Unknown', 11),
('Last Breath', 'Moves to a unit and strikes them repeatedly for heavy damage. Can only be cast on Airborne targets.', 'Active', '33', '200', 'Unknown', 0),
('Last Rites', 'Yorick deals bonus damage on his next attack and heals himself. If the target dies a grave will be dug.', 'Active', '5', '30', 'Unknown', 7),
('Lay Waste', 'Karthus unleashes a delayed blast at a location, dealing damage to nearby enemies.', 'Active', '0', '40', 'Unknown', 1),
('Leap of Faith', 'Illaoi smashes her idol into the ground, dealing physical damage to nearby enemies. A Tentacle spawns for each enemy champion hit.', 'Active', '150', '8', 'Unknown', 120),
('Leap Strike', 'Jax leaps toward a unit. If they are an enemy, he strikes them with his weapon.', 'Active', '0', '70', 'Unknown', 10),
('Light Binding', 'Lux releases a sphere of light that binds and deals damage to up to two enemy units.', 'Active', '50', '50', 'Unknown', 15),
('Lightning Field / Hyper Charge', 'Hammer Stance: Passive: Restores Mana per strike. Active: Creates a field of lightning damaging nearby enemies for several seconds.<br><br>Cannon Stance: Gains a burst of energy, increasing Attack Speed to maximum for several attacks.', 'Active', '4', '25', 'Unknown', 10),
('Lightning Rush', 'Kennen morphs into a lightning form, enabling him to pass through units. Each enemy unit he touches takes damage and receives a Mark of the Storm.', 'Active', '10', '85', 'Unknown', 10),
('Lucent Singularity', 'Fires an anomaly of twisted light to an area, which slows nearby enemies. Lux can detonate it to damage enemies in the area of effect.', 'Active', '60', '25', 'Unknown', 10),
('Lunar Rush', 'Diana dashes to an enemy and deals magic damage. Lunar Rush has no cooldown when used to teleport to a target afflicted with Moonlight.', 'Active', '100', '4', 'Unknown', 25),
('Lunge', 'Fiora lunges in a direction and stabs a nearby enemy, dealing physical damage and applying on-hit effects.', 'Active', '0.95', '65', 'Unknown', 16),
('Magical Journey', 'Bard opens a portal in nearby terrain. Allies and enemies alike can take a one-way trip through that terrain by moving into the portal.', 'Active', '10', '10', 'Unknown', 18),
('Majestic Roar', 'Volibear lets out a powerful roar that damages and slows enemies. Minions and monsters are feared as well.', 'Active', '60', '30', 'Unknown', 11),
('Make It Rain', 'Miss Fortune reveals an area with a flurry of bullets, dealing waves of damage to opponents and slowing them.', 'Active', '28', '80', 'Unknown', 14),
('Mantra', 'Karma empowers her next ability to do an additional effect. Mantra is available at level 1 and does not require a skill point.', 'Active', '50', '25', 'Unknown', 45),
('Mark', 'Throw a snowball in a straight line at your enemies. If it hits an enemy, they become marked and your champion can quickly travel to the marked target as a follow up.', 'Active', '20', '1200', 'Unknown', 80),
('Massacre', 'Aatrox draws in the blood of his foes, damaging all nearby enemy champions around him and gaining increased Attack Speed and bonus Attack Range for a short duration.', 'Active', '200', '12', 'Unknown', 100),
('Meditate', 'Master Yi rejuvenates his body by focus of mind, restoring Health and taking reduced damage for a short time.', 'Active', '100', '30', 'Unknown', 35),
('Mega Adhesive', 'Throws a vial of mega adhesive on the ground, slowing enemies who walk on it.', 'Active', '5', '35', 'Unknown', 14),
('Mega Inferno Bomb', 'Ziggs deploys his ultimate creation, the Mega Inferno Bomb, hurling it an enormous distance. Enemies in the primary blast zone take more damage than those farther away.', 'Active', '66.6667', '300', 'Unknown', 120),
('Miasma', 'Cassiopeia releases several clouds of poison, slowing, grounding, and lightly damaging enemies that pass through them. Grounded enemies cannot use Movement abilities.', 'Active', '40', '20', 'Unknown', 18),
('Mimic', 'LeBlanc creates a clone and casts a mimicked version of one of her basic spells. The clone casts a fake copy of that spell. LeBlanc can instead send the clone far away, where it casts a fake copy of her most recently cast spell.', 'Active', '30', '20', 'Unknown', 54),
('Missile Barrage', 'Corki fires a missile toward his target location that explodes on impact, dealing damage to enemies in an area. Corki stores missiles over time, up to a maximum. Every 3rd missile fired will be a Big One, dealing extra damage.', 'Active', '20', '100', 'Unknown', 2),
('Molten Shield', 'Grants Annie and Tibbers increased percentage Damage Resist and damages enemies who attack with basic attacks.', 'Active', '20', '16', 'Unknown', 10),
('Monsoon', 'Janna surrounds herself in a magical storm, throwing enemies back. After the storm has settled, soothing winds heal nearby allies while the ability is active.', 'Active', '300', '100', 'Unknown', 150),
('Moonfall', 'Diana draws in and slows all nearby enemies.', 'Active', '2', '35', 'Unknown', 26),
('Mounting Dread', 'Lamb fires a carefully placed shot, slowing the target. If Lamb attacks the target two more times, her third attack instead directs Wolf to pounce on the enemy, savaging them for massive damage.', 'Active', '50', '40', 'Unknown', 16),
('Mourning Mist', 'Yorick throws a globule of Black Mist that damages, slows and marks enemies.', 'Active', '4', '70', 'Unknown', 12),
('Mystic Shot', 'Ezreal fires a damaging bolt of energy which reduces all of his cooldowns by 1.5 seconds if it strikes an enemy unit.', 'Active', '1.5', '35', 'Unknown', 7),
('Nether Grasp', 'Malzahar channels the essence of the Void to suppress an enemy champion over a zone of damaging negative energy.', 'Active', '120', '5', 'Unknown', 120),
('Nevermove', 'Swain marks a target area. After a short delay, mighty talons grab hold of enemy units, dealing damage and rooting them.', 'Active', '1', '80', 'Unknown', 18),
('Nimbus Strike', 'Wukong dashes to target enemy and sends out images to attack up to 2 additional enemies near his target, dealing physical damage to each enemy struck.', 'Active', '30', '60', 'Unknown', 8),
('Noxian Corrosive Charge', 'Urgot launches a corrosive charge that damages enemies in an area and reduces their Armor.', 'Active', '12', '75', 'Unknown', 15),
('Noxian Diplomacy', 'Talon stabs the target unit. If they are within melee range, this attack deals critical damage. If they are outside melee range, Talon will leap at his target before stabbing them. Talon refunds some health and cooldown if this ability kills the target.', 'Active', '50', '80', 'Unknown', 0),
('Noxian Guillotine', 'Darius leaps to an enemy champion and strikes a lethal blow, dealing true damage. This damage is increased for each stack of Hemorrhage on the target. If Noxian Guillotine is a killing blow, its cooldown is refreshed for a brief duration.', 'Active', '0.75', '100', 'Unknown', 120),
('Noxious Blast', 'Cassiopeia blasts an area with Poison after a brief delay, granting her increased Movement Speed if she hits an enemy champion.', 'Active', '3', '75', 'Unknown', 4),
('Noxious Trap', 'Teemo throws an explosive poisonous trap using one of the mushrooms stored in his pack. If an enemy steps on the trap, it will release a poisonous cloud, slowing enemies and damaging them over time. If Teemo throws a mushroom onto another mushroom it will', 'Active', '30', '200', 'Unknown', 0),
('On The Hunt', 'Sivir leads her allies in battle, granting them a surge Movement Speed for a period of time. Additionally passively grants Sivir bonus Attack Speed while Ricochet is active.', 'Active', '20', '30', 'Unknown', 120),
('Onslaught of Shadows', 'Hecarim summons spectral riders and charges forward, dealing magic damage in a line. Hecarim creates a shockwave when he finishes his charge, causing nearby enemies to flee in terror.', 'Active', '1', '150', 'Unknown', 140),
('Orb of Deception', 'Ahri sends out and pulls back her orb, dealing magic damage on the way out and true damage on the way back. Ahri gains movement speed that decays while her orb is traveling.', 'Active', '0', '40', 'Unknown', 7),
('Overdrive', 'Blitzcrank super charges himself to get dramatically increased Movement and Attack Speed. He is temporarily slowed after the effect ends.', 'Active', '30', '70', 'Unknown', 15),
('Pale Cascade', 'Diana creates three orbiting spheres that detonate on contact with enemies to deal damage in an area. She also gains a temporary shield that absorbs damage. If her third sphere detonates, the shield gains additional strength.', 'Active', '22', '5', 'Unknown', 10),
('Parallel Convergence', 'Ekko splits the timeline, creating an anomaly after a few seconds that slows enemies caught inside. If Ekko enters the anomaly, he gains shielding and triggers a detonation, stunning enemies by suspending them in time.', 'Active', '1.75', '375', 'Unknown', 22),
('Paranoia', 'Nocturne reduces the sight radius of all enemy champions and removes their ally vision in the process. He can then launch himself at a nearby enemy champion.', 'Active', '2500', '250', 'Unknown', 150),
('Parrrley', 'Shoots target, plundering Gold for each enemy unit killed.', 'Active', '2', '20', 'Unknown', 5),
('Permafrost', 'Abilities and basic attacks apply Frost to enemies. Activating Permafrost damages and slows all nearby enemies with Frost.', 'Active', '80', '-0.5', 'Unknown', 10),
('Petrifying Gaze', 'Cassiopeia releases a swirl of magical energy from her eyes, stunning any enemies in front of her that are facing her and slowing any others with their back turned.', 'Active', '40', '150', 'Unknown', 120),
('Phase Dive', 'Ekko rolls evasively while charging up his Z-Drive. His next attack deals bonus damage and warps reality, teleporting him to his target.', 'Active', '350', '40', 'Unknown', 11),
('Phoenix Stance', 'Phoenix Stance: Activation - Udyr unleashes pulsing waves of fire, dealing damage to nearby enemies. Persistent Effect - With the first basic attack and every third attack after, Udyr engulfs enemies in front of him with flames.', 'Active', '40', '10', 'Unknown', 6),
('Phosphorus Bomb', 'Corki fires a flash bomb at a target location, dealing magic damage to enemies in the area. This attack additionally reveals units in the area for a duration.', 'Active', '6', '70', 'Unknown', 8),
('Pick A Card', 'Twisted Fate chooses a magic card from his deck, and uses that for his next attack, causing bonus effects.', 'Active', '30', '40', 'Unknown', 6),
('Pierce', 'Throw a fast moving spear that passes through enemies it kills.', 'Active', '0', '10', 'Unknown', 8),
('Piercing Arrow', 'Varus readies and then fires a powerful shot that gains extra range and damage the longer he spends preparing to fire.', 'Active', '15', '10', 'Unknown', 16),
('Piercing Light', 'Lucian shoots a bolt of piercing light through a target.', 'Active', '60', '80', 'Unknown', 9),
('Pillar of Flame', 'After a short delay, Brand creates a Pillar of Flame at a target area, dealing magic damage to enemy units within the area. Units that are ablaze take an additional 25% damage.', 'Active', '20', '75', 'Unknown', 10),
('Pillar of Ice', 'Trundle creates an ice pillar at target location, becoming impassable terrain and slowing all nearby enemy units.', 'Active', '30', '6', 'Unknown', 22),
('Piltover Peacemaker', 'Caitlyn revs up her rifle for 1 second to unleash a penetrating shot that deals physical damage (deals less damage to subsequent targets).', 'Active', '33', '30', 'Unknown', 10),
('Playful / Trickster', 'Fizz hops into the air, landing gracefully upon his spear and becoming untargetable. From this position, Fizz can either slam the ground or choose to jump again before smashing back down.', 'Active', '40', '70', 'Unknown', 18),
('Poison Trail', 'Leaves a trail of poison behind Singed, dealing damage to enemies caught in the path.', 'Active', '1', '22', 'Unknown', 0),
('Poro Toss', 'Toss a Poro at your enemies. If it hits, you can quickly travel to your target as a follow up.', 'Active', '10', '20', 'Unknown', 20),
('Power Fist', 'Blitzcrank charges up his fist to make his next attack deal double damage and pop his target up in the air.', 'Active', '0', '0', 'Unknown', 9),
('Powerball', 'Rammus accelerates in a ball towards his enemies, dealing damage and slowing targets affected by the impact.', 'Active', '20', '100', 'Unknown', 16),
('Primal Surge / Swipe', 'In human form, Nidalee channels the spirit of the cougar to heal her allies and imbue them with Attack Speed for a short duration. As a cougar, she claws in a direction, dealing damage to enemies in front of her.', 'Active', '50', '25', 'Unknown', 12),
('Prismatic Barrier', 'Lux throws her wand and bends the light around any friendly target it touches, protecting them from enemy damage.', 'Active', '50', '2', 'Unknown', 14),
('Pulverize', 'Alistar smashes the ground, dealing damage to nearby enemies and tossing them into the air.', 'Active', '60', '375', 'Unknown', 17),
('Pyroclasm', 'Brand unleashes a devastating torrent of fire, dealing magic damage each time it bounces, up to 5 bounces. Bounces prioritize stacking Blaze to max on Champions. If a target is ablaze, Pyroclasm will briefly slow them.', 'Active', '5', '100', 'Unknown', 105),
('Quickdraw', 'Graves dashes forward gaining an Armor and Magic Resist boost for several seconds. If Graves dashes towards an enemy champion, gain two stacks of True Grit instead. Hitting enemies with basic attacks lowers the cooldown of this skill and refreshes the res', 'Active', '4', '30', 'Unknown', 18),
('Ragnarok', 'Olaf temporarily becomes immune to disables.', 'Active', '6', '20', 'Unknown', 100),
('Rake', 'Talon sends out a volley of daggers that then return back to him, dealing physical damage every time it passes through an enemy. The returning blades deal bonus damage and slow units hit.', 'Active', '40', '50', 'Unknown', 9),
('Rampage', 'Hecarim cleaves nearby enemies dealing physical damage.', 'Active', '2', '50', 'Unknown', 4),
('Rapid Fire', 'Tristana fires her weapon rapidly, increasing her Attack Speed for a short time.', 'Active', '5', '30', 'Unknown', 20),
('Ravage', 'Evelynn slashes her target twice, dealing damage with each hit. She then gains increased Attack Speed for a short duration.', 'Active', '3', '70', 'Unknown', 9),
('Ravenous Flock', 'Swain inspires dread in his enemies by temporarily taking the form of a raven. During this time ravens strike out at up to 5 nearby enemies. Each raven deals damage and heals Swain by a flat amount.', 'Active', '20', '50', 'Unknown', 20),
('Razor Shuriken', 'Zed and his shadow both throw their spinning blades forward, dealing damage to any targets they pass through.', 'Active', '0.6', '70', 'Unknown', 6),
('Realm Warp', 'Ryze creates a portal to a nearby location. After a few seconds, allies standing near the portal are teleported to the target location.', 'Active', '0.65', '2.1', 'Unknown', 120),
('Reckless Swing', 'Olaf attacks with such force that it deals true damage to his target and himself, refunding the Health cost if he destroys the target.', 'Active', '30', '70', 'Unknown', 12),
('Reckoning', 'Blasts an enemy unit with angelic force, dealing damage, slowing Movement Speed, and applying Holy Fervor.', 'Active', '35', '60', 'Unknown', 8),
('Remove Scurvy', 'Eats citrus to cure crowd control effects and restore Health.', 'Active', '15', '50', 'Unknown', 22),
('Rend', 'Attacks impale their targets with spears. Activate to rip the spears out, slowing and dealing escalating damage.', 'Active', '25', '20', 'Unknown', 0),
('Requiem', 'After channeling for 3 seconds, Karthus deals damage to all enemy champions.', 'Active', '200', '250', 'Unknown', 200),
('Resolute Smite', 'Galio fires a concussive blast from his eyes, slowing and dealing damage to enemies caught near the impact point.', 'Active', '24', '80', 'Unknown', 7),
('Rewind', 'Zilean can prepare himself for future confrontations, reducing the cooldowns of his other basic abilities.', 'Active', '10', '20', 'Unknown', 14),
('Riftwalk', 'Kassadin teleports to a nearby location dealing damage to nearby enemy units. Multiple Riftwalks in a short period of time cost additional Mana but also deal additional damage.', 'Active', '15', '80', 'Unknown', 6),
('Righteous Gust', 'Galio claps his wings, unleashing a gust of concussive wind that damages enemies and leaves a directional draft in its wake that increases ally Movement Speed.', 'Active', '30', '60', 'Unknown', 13),
('Ring of Frost', 'Freezes nearby enemies in ice, dealing magic damage and rooting them.', 'Active', '1.1', '70', 'Unknown', 14),
('Riposte', 'Fiora parries all incoming damage and disables for a short time, then stabs in a direction. This stab slows the first enemy champion hit, or stuns them if Fiora blocked an immobilizing effect with this ability.', 'Active', '0.75', '90', 'Unknown', 0),
('Riptide', 'Nautilus slams the ground, causing the earth to explode around him in a set of three explosions. Each explosion damages and slows enemies.', 'Active', '30', '55', 'Unknown', 7),
('Rite of the Arcane', 'Xerath immobilizes himself and gains numerous long-range barrages.', 'Active', '3', '10', 'Unknown', 130),
('Roar of the Slayer', 'Sion fires a short range shockwave that damages and slows and reduces the Armor of the first enemy hit. If the shockwave hits a minion or monster, it will be knocked back, damaging and slowing all enemies that it passes through.', 'Active', '40', '70', 'Unknown', 12),
('Rocket Grab', 'Blitzcrank fires his right hand to grab an opponent on its path, dealing damage and dragging it back to him.', 'Active', '0', '80', 'Unknown', 20),
('Rocket Jump', 'Tristana fires at the ground to propel her to a distant location, dealing damage and slowing surrounding units for a brief period where she lands.', 'Active', '1', '60', 'Unknown', 22),
('Rolling Thunder', 'Volibear drops to all fours and runs faster. This bonus speed increases when chasing enemy champions. The first enemy he attacks is thrown backwards over Volibear.', 'Active', '30', '30', 'Unknown', 12),
('Rune Prison', 'Ryze traps a target enemy unit in a cage of runes, damaging them and preventing them from moving.', 'Active', '80', '1', 'Unknown', 13),
('Rupture', 'Ruptures the ground at target location, popping enemy units into the air, dealing damage and slowing them.', 'Active', '60', '80', 'Unknown', 9),
('Ruthless Predator', 'Renekton slashes his target twice, dealing moderate physical damage and stuns them for 0.75 seconds. If Renekton has more than 50 Fury, he slashes his target three times, dealing high physical damage and stuns them for 1.5 seconds.', 'Active', '0.75', '5', 'Unknown', 13),
('Sadism', 'Dr. Mundo sacrifices a portion of his Health for increased Movement Speed and drastically increased Health Regeneration.', 'Active', '12', '40', 'Unknown', 100),
('Sanguine Pool', 'Vladimir sinks into a pool of blood, becoming untargetable for 2 seconds. Additionally, enemies on the pool are slowed and Vladimir siphons life from them.', 'Active', '20', '80', 'Unknown', 28),
('Sapling Toss', 'Maokai flings a sapling that deals area damage on impact. The sapling then wards the nearby area. When enemies approach, the sapling attacks enemies with an arcane blast.', 'Active', '80', '40', 'Unknown', 12),
('Satchel Charge', 'Ziggs flings an explosive charge that detonates after 4 seconds, or when this ability is activated again. The explosion deals magic damage to enemies, knocking them away. Ziggs is also knocked away, but takes no damage. Ziggs can use the Satchel to hexplo', 'Active', '4', '70', 'Unknown', 26),
('Savagery', 'Rengar slashes all enemies in an arc before piercing all enemies in a line. Casting this outside the max range moves Rengar a short distance in that direction.<br><br>Ferocity effect: deals increased damage.', 'Active', '0.3', '40', 'Unknown', 0),
('Scatter the Weak', 'Syndra knocks enemies and Dark Spheres back dealing magic damage. Enemies hit by Dark Spheres become stunned.', 'Active', '1.5', '70', 'Unknown', 16),
('Scrap Shield', 'Rumble pulls up a shield, protecting him from damage and granting him a quick burst of speed. While in Danger Zone, the shield strength and speed bonus is increased.', 'Active', '10', '50', 'Unknown', 6),
('Sear', 'Brand launches a ball of fire forward that deals magic damage. If the target is ablaze, Sear will stun the target for 1.5 seconds.', 'Active', '0', '80', 'Unknown', 8),
('Seismic Shard', 'Using his primal elemental magic, Malphite sends a shard of the earth through the ground at his foe, dealing damage upon impact and stealing Movement Speed for 4 seconds.', 'Active', '14', '70', 'Unknown', 8),
('Seismic Shove', 'Taliyah causes an area of ground to erupt and throws enemies within in a direction of her choosing.', 'Active', '0.55', '60', 'Unknown', 16),
('Sentinel', 'Passively gain Attack Speed when near her Oathsworn ally, and deal bonus damage when striking the same target. <br><br>Activate to send a soul to scout out the path, revealing the area in front of it.', 'Active', '5', '80', 'Unknown', 30),
('Shadow Assault', 'Talon disperses a ring of blades and becomes Invisible while gaining additional Movement Speed. When Talon emerges from Invisibility, the blades converge on his location. Each time the blades move, Shadow Assault deals physical damage to enemies hit by at', 'Active', '200', '90', 'Unknown', 100),
('Shadow Dance', 'Akali moves through shadows to quickly strike through her target, dealing damage and consuming an Essence of Shadow charge. Akali recharges Essence of Shadow charges periodically, max 3 stacks.', 'Active', '2000', '50', 'Unknown', 2),
('Shadow Dash', 'Shen dashes in a direction, taunting enemies in his path.', 'Active', '50', '1.5', 'Unknown', 18),
('Shatter Orb', 'LeBlanc projects an orb towards her target, dealing magic damage. When Shatter Orb is empowered by Sigil of Malice, the spell bounces to the nearest ready Sigil of Malice (bounces deal reduced damage to minions).', 'Active', '25', '55', 'Unknown', 6),
('Shield of Daybreak', 'Leona uses her shield to perform her next basic attack, dealing bonus magic damage and stunning the target.', 'Active', '30', '1', 'Unknown', 9),
('Shifting Sands', 'Azir dashes to one of his Sand Soldiers, damaging enemies. If he hits an enemy champion, he gains a shield.', 'Active', '19', '0.5', 'Unknown', 0),
('Shocking Orb', 'Deals magic damage to an enemy and stuns them.', 'Active', '2', '80', 'Unknown', 13),
('Shroud of Darkness', 'Nocturne empowers his blades, passively gaining Attack Speed. Activating Shroud of Darkness allows Nocturne to fade into the shadows, creating a magical barrier which blocks a single enemy ability and doubles his passive Attack Speed if successful.', 'Active', '0', '20', 'Unknown', 20),
('Siphon Power', 'Viktor blasts an enemy unit dealing magic damage, gaining a shield and empowering his next basic attack.<br><br>Augment: Viktor gains bonus Movement Speed after casting.', 'Active', '2.5', '60', 'Unknown', 8),
('Siphoning Strike', 'Nasus strikes his foe, dealing damage and increasing the power of his future Siphoning Strikes if he slays his target.', 'Active', '3', '30', 'Unknown', 8),
('Slice and Dice', 'Renekton dashes, dealing damage to units along the way. Empowered, Renekton deals bonus damage and reduces the Armor of units hit.', 'Active', '15', '30', 'Unknown', 18),
('Slicing Maelstrom', 'Kennen summons a storm that strikes at nearby enemy champions for magical damage.', 'Active', '0.5', '80', 'Unknown', 120),
('Smite', 'Deals 390-1000 true damage (depending on champion level) to target epic or large monster or enemy minion. Restores Health based on your maximum life when used against monsters.', 'Active', '0', '15', 'Unknown', 75),
('Smoke Screen', 'Graves fires a smoke canister at the target area creating a cloud of smoke. Enemies inside the smoke cloud have reduced sight range and Movement Speed.', 'Active', '15', '60', 'Unknown', 26),
('Song of Celerity', 'Sona plays the Song of Celerity, granting nearby allies bonus Movement Speed. Sona gains a temporary aura that grants allied champions tagged by the zone bonus Movement Speed on their next attack.', 'Active', '400', '10', 'Unknown', 12),
('Sonic Wave / Resonating Strike', 'Sonic Wave: Lee Sin projects a discordant wave of sound to locate his enemies, dealing physical damage to the first enemy it encounters. If Sonic Wave hits, Lee Sin can cast Resonating Strike for the next 3 seconds.<br>Resonating Strike: Lee Sin dashes to', 'Active', '50', '50', 'Unknown', 11),
('Soul Furnace', 'Sion shields himself and can reactivate after 3 seconds to deal Magic Damage to enemies nearby. When Sion kills enemies, he passively gains maximum Health.', 'Active', '40', '30', 'Unknown', 13),
('Soul Shackles', 'Latches chains of energy onto nearby enemy champions, dealing initial damage to them and slowing their Movement Speed, and then echoing the pain a few seconds later and stunning them if they remain close to Morgana.', 'Active', '1.5', '150', 'Unknown', 120),
('Spear Shot', 'Pantheon hurls his spear at an opponent, dealing damage.', 'Active', '65', '100', 'Unknown', 4),
('Spell Shield', 'Creates a magical barrier that blocks a single enemy ability cast on Sivir. She receives Mana back if a spell is blocked.', 'Active', '80', '1.5', 'Unknown', 22),
('Spider Form', 'Transforms into a menacing spider, reducing her attack range in exchange for movement speed, new abilities, and a Spiderling swarm that will attack her foes.', 'Active', '10', '10', 'Unknown', 4),
('Spinning Slash', 'Tryndamere slices toward a target unit, dealing damage to enemies in his path.', 'Active', '1', '70', 'Unknown', 13),
('Spirit Fire', 'Nasus unleashes a spirit flame at a location, dealing damage and reducing the Armor of enemies who stand on it.', 'Active', '20', '11', 'Unknown', 12),
('Spirit of Dread', 'Hecarim deals magic damage to nearby enemies for a short duration. Hecarim gains Health equal to a percentage of any damage those enemies suffer.', 'Active', '80', '20', 'Unknown', 22),
('Spirit Rush', 'Ahri dashes forward and fires essence bolts, damaging 3 nearby enemies (prioritizes Champions). Spirit Rush can be cast up to three times before going on cooldown.', 'Active', '10', '70', 'Unknown', 110),
('Spray and Pray', 'Twitch unleashes the full power of his crossbow, shooting bolts over a great distance that pierce all enemies caught in their path.', 'Active', '5', '20', 'Unknown', 90),
('Stand Aside', 'Draven throws his axes, dealing physical damage to targets hit and knocking them aside. Targets hit are slowed.', 'Active', '20', '70', 'Unknown', 18),
('Stand Behind Me', 'Braum leaps to a target allied champion or minion. On arrival, Braum and the ally gain Armor and Magic Resist for a few seconds.', 'Active', '750', '3', 'Unknown', 14),
('Stand United', 'Shen shields target allied champion from incoming damage, and soon after teleports to their location.', 'Active', '5', '250', 'Unknown', 180),
('Starcall', 'A star falls from the sky at the target location dealing magic damage and slowing enemies. If an enemy champion is hit by Starcall, Soraka recovers health and gains movement speed when moving away from enemy champions.', 'Active', '30', '70', 'Unknown', 5),
('Starsurge', 'Aurelion Sol creates an expanding disk, which explodes to stun and damage enemies when it moves too far away from him.', 'Active', '10', '70', 'Unknown', 10),
('Static Field', 'Passively causes lightning bolts to damage a nearby enemy. Additionally, Blitzcrank can activate this ability to damage nearby enemies and silence them for 0.5 seconds, but doing so removes the passive lightning until Static Field becomes available again.', 'Active', '250', '100', 'Unknown', 60),
('Steadfast Presence', 'Poppy passively gains Armor and Magic Resist. This bonus increases when she is low on Health. Poppy can activate Steadfast Presence to stop enemy dashes around her and gain movement speed.', 'Active', '32', '2.5', 'Unknown', 24),
('Steel Tempest', 'A skillshot basic attack. After two successful Steel Tempests, the next fires a tornado that knocks enemies Airborne.', 'Active', '100', '20', 'Unknown', 6),
('Stretching Strike', 'Zac extends his arms, slowing and dealing damage to nearby enemies.', 'Active', '0.04', '70', 'Unknown', 9),
('Summon: Tibbers', 'Annie wills her bear Tibbers to life, dealing damage to units in the area. Tibbers can attack and also burns enemies that stand near him.', 'Active', '10', '150', 'Unknown', 120),
('Super Mega Death Rocket!', 'Jinx fires a super rocket across the map that gains damage as it travels. The rocket will explode upon colliding with an enemy champion, dealing damage to it and surrounding enemies based on their missing Health.', 'Active', '250', '25', 'Unknown', 90),
('Sweeping Blade', 'Dashes through a unit, dealing escalating Magic Damage with each cast.', 'Active', '10', '70', 'Unknown', 0),
('Switcheroo!', 'Jinx modifies her basic attacks by swapping between Pow-Pow, her minigun and Fishbones, her rocket launcher. Attacks with Pow-Pow grant Attack Speed, while attacks with Fishbones deal area of effect damage, gain increased range, and drain Mana.', 'Active', '100', '30', 'Unknown', 1),
('Tantrum', 'Permanently reduces the physical damage Amumu would take. Amumu can unleash his rage, dealing damage to surrounding enemies. Each time Amumu is hit, the cooldown on Tantrum is reduced by 0.5 seconds.', 'Active', '75', '2', 'Unknown', 10),
('Teleport', 'After channeling for 4.5 seconds, teleports your champion to target allied structure, minion, or ward.', 'Active', '200', '4.5', 'Unknown', 300),
('Tempered Fate', 'Bard sends spirit energy arcing to a location, putting all champions, minions, monsters, and turrets hit into stasis for a brief time.', 'Active', '0', '2.5', 'Unknown', 130),
('Tempest / Cripple', 'Tempest: Lee Sin smashes the ground, sending out a shockwave that deals magic damage and reveals enemy units hit. If Tempest hits an enemy, Lee Sin can cast cripple for the next 3 seconds.<br>Cripple: Lee Sin cripples nearby enemies revealed by Tempest, r', 'Active', '20', '60', 'Unknown', 10),
('Tentacle Smash', 'Increases the damage dealt by Tentacles. When activated, Illaoi smashes down a Tentacle that deals physical damage.', 'Active', '200', '10', 'Unknown', 10),
('Terrify', 'Strikes a target unit with fear, causing it to flee in terror for a duration.', 'Active', '0', '1.25', 'Unknown', 15),
('Terror Capacitor', 'Urgot charges up his capacitor to gain a shield. While the shield is active, Urgot gains slowing attacks.', 'Active', '20', '60', 'Unknown', 16),
('The Box', 'A prison of walls that slow and deal damage if broken.', 'Active', '2', '250', 'Unknown', 140),
('The Culling', 'Lucian unleashes a torrent of shots from his weapons.', 'Active', '20', '3', 'Unknown', 110),
('The Equalizer', 'Rumble fires off a group of rockets, creating a wall of flames that damages and slows enemies.', 'Active', '150', '130', 'Unknown', 110),
('Thick Skin', 'Tahm Kench turns incoming damage into gray health. As gray health decays, Tahm Kench is healed for a percentage of the gray health amount. When activated, this ability turns all gray health into a shield.', 'Active', '25', '3', 'Unknown', 6),
('Threaded Volley', 'Taliyah throws a volley of missiles in a target direction, moving freely as she does. This works the ground below her. If Taliyah casts Threaded Volley on worked ground, she only throws one missile.', 'Active', '50', '60', 'Unknown', 9),
('Thundering Blow / Acceleration Gate', 'Hammer Stance: Deals magic damage to an enemy and knocks them back a short distance.<br><br>Cannon Stance: Deploys an Acceleration Gate increasing the Movement Speed of all allied champions who pass through it. If Shock Blast is fired through the gate the', 'Active', '0.25', '200', 'Unknown', 15),
('Thundering Shuriken', 'Kennen throws a fast moving shuriken towards a location, causing damage and adding a Mark of the Storm to any opponent that it hits.', 'Active', '0', '75', 'Unknown', 8),
('Tidal Wave', 'Summons a massive Tidal Wave that knocks up, slows, and damages enemies. Allies hit gain double the effect of Surging Tides.', 'Active', '150', '150', 'Unknown', 120),
('Time Bomb', 'Tosses a bomb to target area that sticks to units that come near it (prioritizes Champions). It detonates after 3 seconds, dealing area of effect damage. If a Time Bomb is detonated early by another Time Bomb, it also stuns enemies.', 'Active', '3', '75', 'Unknown', 10),
('Timewinder', 'Ekko throws a temporal grenade that expands into a time-distortion field upon hitting an enemy champion, slowing and damaging anyone caught inside. After a delay, the grenade rewinds back to Ekko, dealing damage on its return.', 'Active', '32', '60', 'Unknown', 9),
('To the Skies! / Shock Blast', 'Hammer Stance: Leaps to an enemy dealing physical damage and slowing enemies.<br><br>Cannon Stance: Fires an orb of electricity that detonates upon hitting an enemy (or reaching the end of its path) dealing physical damage to all enemies hit.', 'Active', '1.5', '40', 'Unknown', 16),
('Tongue Lash', 'Tahm Kench lashes out with his tongue, damaging and slowing the first unit hit. This ability gains a stun after three stacks of An Acquired Taste.', 'Active', '1000', '875', 'Unknown', 6),
('Torment', 'Swain afflicts his target, dealing damage to them over time and causing them to take increased damage from Swain. Enemies afflicted by Torment are focused by Beatrice while Decrepify is active.', 'Active', '20', '50', 'Unknown', 10),
('Tormented Soil', 'Infects an area with desecrated soil, causing enemy units who stand on the location to take continual damage.', 'Active', '0.5', '8', 'Unknown', 10),
('Transcendent Blades', 'Irelia summons 4 spirit blades that she can fling to deal physical damage and siphon life from enemies they pass through.', 'Active', '10', '80', 'Unknown', 110),
('Tremors', 'Rammus creates waves of destruction pulsing through the ground, causing damage to units and structures near him.', 'Active', '8', '65', 'Unknown', 100),
('Triggerseed', 'Ivern places a shield on an ally which explodes after a short duration slowing and damaging enemies.', 'Active', '60', '80', 'Unknown', 12),
('Trueshot Barrage', 'Ezreal winds up for 1 second to fire a powerful barrage of energy missiles which do massive damage to each unit they pass through (deals 10% less damage to each unit it passes through).', 'Active', '10', '350', 'Unknown', 120),
('Tumble', 'Vayne tumbles, maneuvering to carefully place her next shot. Her next attack deals bonus damage.', 'Active', '30', '7', 'Unknown', 6),
('Turtle Stance', 'Turtle Stance: Activation - Udyr gains a temporary shield that absorbs damage. Persistent Effect - Udyr gains Life Steal.', 'Active', '10', '60', 'Unknown', 6),
('Twilight Shroud', 'Akali teleports to a nearby location, leaving a cover of smoke at her previous location. While inside the shroud, Akali becomes Invisible and gains Movement Speed. Attacking or using abilities will briefly reveal her. Enemies inside the smoke have their M', 'Active', '8', '425', 'Unknown', 20),
('Twin Bite', 'Shyvana strikes twice on her next attack. Basic attacks reduce the cooldown of Twin Bite by 0.5 seconds.<br><br><span class="colorFF3300">Dragon Form: </span>Twin Bite cleaves all units in front Shyvana.', 'Active', '250', '40', 'Unknown', 9),
('Twisted Advance', 'Maokai dissolves into a cloud of arcane energies. He regrows near a target enemy, dealing damage and rooting it in place.', 'Active', '1', '9', 'Unknown', 13),
('Unbreakable Will', 'Alistar lets out a wild roar, removing all crowd control effects on himself, and reducing incoming physical and magical damage for the duration.', 'Active', '50', '7', 'Unknown', 120),
('Unleashed Power', 'Syndra bombards an enemy Champion with all of her Dark Spheres.', 'Active', '270', '90', 'Unknown', 100),
('Unraveled Earth', 'Taliyah creates a slowing minefield that explodes if enemies dash through it or are pushed/pulled through it.', 'Active', '-0.2', '70', 'Unknown', 16),
('Unstoppable Force', 'Malphite ferociously charges to a location, damaging enemies and knocking them into the air.', 'Active', '200', '1.5', 'Unknown', 130),
('Unstoppable Onslaught', 'Sion charges in a direction, ramping up speed over time. He can steer his charge slightly with the mouse cursor location. When he collides with an enemy he deals damage and knocks them up based on the distance he has charged.', 'Active', '300', '150', 'Unknown', 140),
('UPGRADE!!!', 'Heimerdinger invents an upgrade, causing his next spell to have increased effects.', 'Active', '80', '200', 'Unknown', 100),
('Valkyrie', 'Corki flies a short distance, dropping bombs that create a trail of fire that damages opponents who remain in it.', 'Active', '90', '60', 'Unknown', 20),
('Valor', 'Riven steps forward a short distance and blocks incoming damage.', 'Active', '90', '90', 'Unknown', 10),
('Vault Breaker', 'Vi charges her gauntlets and unleashes a vault shattering punch, carrying her forward. Enemies she hits are knocked back and receive a stack of Denting Blows.', 'Active', '2', '100', 'Unknown', 16),
('Vengeful Maelstrom', 'Maokai shields his allies by drawing power from hostile spells and attacks, reducing non-tower damage done to allied champions in the area. When Maokai ends the effect, he unleashes the absorbed energy to deal damage to enemies within the vortex.', 'Active', '10', '20', 'Unknown', 60),
('Venom Cask', 'Twitch hurls a cask of venom that explodes in an area, slowing targets and applying deadly venom to the target.', 'Active', '25', '2', 'Unknown', 13),
('Violent Tendencies', 'Kled gains massive attack speed for four attacks. The fourth attack deals more damage.', 'Active', '150', '4', 'Unknown', 14),
('Voice of Light', 'Aurelion Sol projects a blast of pure starfire, damaging and slowing all enemies caught in it and knocking nearby enemies back to a safer distance.', 'Active', '40', '150', 'Unknown', 120),
('Void Swarm', 'Malzahar summons a Voidling. The first time a summoned Voidling attacks a champion or monster, Malzahar summons a new Voidling.', 'Active', '100', '12', 'Unknown', 0),
('Volatile Spiderling / Skittering Frenzy', 'Human Form: Releases a venom-gorged Spiderling that explodes when it nears a target.<br><br>Spider Form: Elise and her Spiderlings gain Attack Speed.', 'Active', '60', '4', 'Unknown', 12),
('Volley', 'Ashe fires 9 arrows in a cone for increased damage. Also applies Frost Shot.', 'Active', '20', '5', 'Unknown', 15),
('Wall of Pain', 'Karthus creates a passable screen of leeching energy. Any enemy units that walk through the screen have their Movement Speed and Magic Resist reduced for a period.', 'Active', '800', '15', 'Unknown', 18),
('Whirling Death', 'Draven hurls two massive axes to deal physical damage to each unit struck. Whirling Death slowly reverses direction and returns to Draven after striking an enemy champion. Draven may also activate this ability while the axes are in flight to cause it to r', 'Active', '40', '175', 'Unknown', 100),
('Wild Cards', 'Twisted Fate throws three cards, dealing damage to each enemy unit they pass through.', 'Active', '40', '60', 'Unknown', 6),
('Wild Growth', 'Lulu enlarges an ally, knocking nearby enemies into the air and granting the ally a large amount of bonus health. For the next few seconds, that ally gains an aura that slows nearby enemies.', 'Active', '30', '300', 'Unknown', 110),
('Wind Wall', 'Creates a moving wall that blocks enemy projectiles.', 'Active', '60', '15', 'Unknown', 26),
('Wish', 'Soraka fills her allies with hope, instantly restoring health to herself and all friendly champions.', 'Active', '120', '150', 'Unknown', 160),
('Wither', 'Nasus ages an enemy champion, decelerating their Movement and Attack Speeds over time.', 'Active', '35', '47', 'Unknown', 15),
('Wuju Style', 'Master Yi becomes skilled in the art of Wuju, passively increasing his Attack Damage. Activating Wuju Style grants bonus true damage on basic attacks, but the passive bonus is then lost while on cooldown.', 'Active', '25', '10', 'Unknown', 18),
('Yordle Snap Trap', 'Caitlyn sets a trap to find sneaky yordles. When sprung, the trap reveals and immobilizes the enemy champion for 1.5 seconds.', 'Active', '30', '2', 'Unknown', 1),
('Zap!', 'Jinx uses Zapper, her shock pistol, to fire a blast that deals damage to the first enemy hit, slowing and revealing it.', 'Active', '30', '10', 'Unknown', 10),
('Zenith Blade', 'Leona projects a solar image of her sword, dealing magic damage to all enemies in a line. When the image fades, the last enemy champion struck will be briefly immobilized and Leona will dash to them.', 'Active', '0.5', '60', 'Unknown', 13);

-- --------------------------------------------------------

--
-- Table structure for table `championabilities`
--

CREATE TABLE `championabilities` (
  `ID` char(64) NOT NULL,
  `CName` char(64) DEFAULT NULL,
  `AName` char(64) DEFAULT NULL
) ENGINE=InnoDB DEFAULT CHARSET=latin1;

--
-- Dumping data for table `championabilities`
--

INSERT INTO `championabilities` (`ID`, `CName`, `AName`) VALUES
('AatroxBlades of Torment', 'Aatrox', 'Blades of Torment'),
('AatroxBlood Thirst / Blood Price', 'Aatrox', 'Blood Thirst / Blood Price'),
('AatroxDark Flight', 'Aatrox', 'Dark Flight'),
('AatroxMassacre', 'Aatrox', 'Massacre'),
('AhriCharm', 'Ahri', 'Charm'),
('AhriFox-Fire', 'Ahri', 'Fox-Fire'),
('AhriOrb of Deception', 'Ahri', 'Orb of Deception'),
('AhriSpirit Rush', 'Ahri', 'Spirit Rush'),
('AkaliCrescent Slash', 'Akali', 'Crescent Slash'),
('AkaliShadow Dance', 'Akali', 'Shadow Dance'),
('AkaliTwilight Shroud', 'Akali', 'Twilight Shroud'),
('AlistarPulverize', 'Alistar', 'Pulverize'),
('AlistarUnbreakable Will', 'Alistar', 'Unbreakable Will'),
('AmumuBandage Toss', 'Amumu', 'Bandage Toss'),
('AmumuCurse of the Sad Mummy', 'Amumu', 'Curse of the Sad Mummy'),
('AmumuDespair', 'Amumu', 'Despair'),
('AmumuTantrum', 'Amumu', 'Tantrum'),
('AniviaCrystallize', 'Anivia', 'Crystallize'),
('AniviaFlash Frost', 'Anivia', 'Flash Frost'),
('AniviaFrostbite', 'Anivia', 'Frostbite'),
('AniviaGlacial Storm', 'Anivia', 'Glacial Storm'),
('AnnieDisintegrate', 'Annie', 'Disintegrate'),
('AnnieIncinerate', 'Annie', 'Incinerate'),
('AnnieMolten Shield', 'Annie', 'Molten Shield'),
('AnnieSummon: Tibbers', 'Annie', 'Summon: Tibbers'),
('AsheEnchanted Crystal Arrow', 'Ashe', 'Enchanted Crystal Arrow'),
('AsheHawkshot', 'Ashe', 'Hawkshot'),
('AsheVolley', 'Ashe', 'Volley'),
('Aurelion SolCelestial Expansion', 'Aurelion Sol', 'Celestial Expansion'),
('Aurelion SolComet of Legend', 'Aurelion Sol', 'Comet of Legend'),
('Aurelion SolStarsurge', 'Aurelion Sol', 'Starsurge'),
('Aurelion SolVoice of Light', 'Aurelion Sol', 'Voice of Light'),
('AzirConquering Sands', 'Azir', 'Conquering Sands'),
('AzirShifting Sands', 'Azir', 'Shifting Sands'),
('BardCosmic Binding', 'Bard', 'Cosmic Binding'),
('BardMagical Journey', 'Bard', 'Magical Journey'),
('BardTempered Fate', 'Bard', 'Tempered Fate'),
('BlitzcrankOverdrive', 'Blitzcrank', 'Overdrive'),
('BlitzcrankPower Fist', 'Blitzcrank', 'Power Fist'),
('BlitzcrankRocket Grab', 'Blitzcrank', 'Rocket Grab'),
('BlitzcrankStatic Field', 'Blitzcrank', 'Static Field'),
('BrandConflagration', 'Brand', 'Conflagration'),
('BrandPillar of Flame', 'Brand', 'Pillar of Flame'),
('BrandPyroclasm', 'Brand', 'Pyroclasm'),
('BrandSear', 'Brand', 'Sear'),
('BraumGlacial Fissure', 'Braum', 'Glacial Fissure'),
('BraumStand Behind Me', 'Braum', 'Stand Behind Me'),
('Caitlyn90 Caliber Net', 'Caitlyn', '90 Caliber Net'),
('CaitlynAce in the Hole', 'Caitlyn', 'Ace in the Hole'),
('CaitlynPiltover Peacemaker', 'Caitlyn', 'Piltover Peacemaker'),
('CaitlynYordle Snap Trap', 'Caitlyn', 'Yordle Snap Trap'),
('CassiopeiaMiasma', 'Cassiopeia', 'Miasma'),
('CassiopeiaNoxious Blast', 'Cassiopeia', 'Noxious Blast'),
('CassiopeiaPetrifying Gaze', 'Cassiopeia', 'Petrifying Gaze'),
('CorkiMissile Barrage', 'Corki', 'Missile Barrage'),
('CorkiPhosphorus Bomb', 'Corki', 'Phosphorus Bomb'),
('CorkiValkyrie', 'Corki', 'Valkyrie'),
('DariusDecimate', 'Darius', 'Decimate'),
('DariusNoxian Guillotine', 'Darius', 'Noxian Guillotine'),
('DianaCrescent Strike', 'Diana', 'Crescent Strike'),
('DianaLunar Rush', 'Diana', 'Lunar Rush'),
('DianaMoonfall', 'Diana', 'Moonfall'),
('DianaPale Cascade', 'Diana', 'Pale Cascade'),
('Dr. MundoBurning Agony', 'Dr. Mundo', 'Burning Agony'),
('Dr. MundoSadism', 'Dr. Mundo', 'Sadism'),
('DravenBlood Rush', 'Draven', 'Blood Rush'),
('DravenStand Aside', 'Draven', 'Stand Aside'),
('DravenWhirling Death', 'Draven', 'Whirling Death'),
('EkkoChronobreak', 'Ekko', 'Chronobreak'),
('EkkoParallel Convergence', 'Ekko', 'Parallel Convergence'),
('EkkoPhase Dive', 'Ekko', 'Phase Dive'),
('EkkoTimewinder', 'Ekko', 'Timewinder'),
('EliseCocoon / Rappel', 'Elise', 'Cocoon / Rappel'),
('EliseSpider Form', 'Elise', 'Spider Form'),
('EliseVolatile Spiderling / Skittering Frenzy', 'Elise', 'Volatile Spiderling / Skittering Frenzy'),
('EvelynnDark Frenzy', 'Evelynn', 'Dark Frenzy'),
('EvelynnHate Spike', 'Evelynn', 'Hate Spike'),
('EvelynnRavage', 'Evelynn', 'Ravage'),
('EzrealArcane Shift', 'Ezreal', 'Arcane Shift'),
('EzrealEssence Flux', 'Ezreal', 'Essence Flux'),
('EzrealMystic Shot', 'Ezreal', 'Mystic Shot'),
('EzrealTrueshot Barrage', 'Ezreal', 'Trueshot Barrage'),
('FiddlesticksCrowstorm', 'Fiddlesticks', 'Crowstorm'),
('FiddlesticksDark Wind', 'Fiddlesticks', 'Dark Wind'),
('FiddlesticksDrain', 'Fiddlesticks', 'Drain'),
('FiddlesticksTerrify', 'Fiddlesticks', 'Terrify'),
('FioraBladework', 'Fiora', 'Bladework'),
('FioraGrand Challenge', 'Fiora', 'Grand Challenge'),
('FioraLunge', 'Fiora', 'Lunge'),
('FioraRiposte', 'Fiora', 'Riposte'),
('FizzChum the Waters', 'Fizz', 'Chum the Waters'),
('FizzPlayful / Trickster', 'Fizz', 'Playful / Trickster'),
('GalioIdol of Durand', 'Galio', 'Idol of Durand'),
('GalioResolute Smite', 'Galio', 'Resolute Smite'),
('GalioRighteous Gust', 'Galio', 'Righteous Gust'),
('GangplankCannon Barrage', 'Gangplank', 'Cannon Barrage'),
('GangplankParrrley', 'Gangplank', 'Parrrley'),
('GangplankRemove Scurvy', 'Gangplank', 'Remove Scurvy'),
('GarenCourage', 'Garen', 'Courage'),
('GarenDecisive Strike', 'Garen', 'Decisive Strike'),
('GarenJudgment', 'Garen', 'Judgment'),
('GnarBoomerang Throw / Boulder Toss', 'Gnar', 'Boomerang Throw / Boulder Toss'),
('GnarGNAR!', 'Gnar', 'GNAR!'),
('GnarHop / Crunch', 'Gnar', 'Hop / Crunch'),
('GragasBarrel Roll', 'Gragas', 'Barrel Roll'),
('GragasBody Slam', 'Gragas', 'Body Slam'),
('GragasDrunken Rage', 'Gragas', 'Drunken Rage'),
('GragasExplosive Cask', 'Gragas', 'Explosive Cask'),
('GravesCollateral Damage', 'Graves', 'Collateral Damage'),
('GravesEnd of the Line', 'Graves', 'End of the Line'),
('GravesQuickdraw', 'Graves', 'Quickdraw'),
('GravesSmoke Screen', 'Graves', 'Smoke Screen'),
('HecarimDevastating Charge', 'Hecarim', 'Devastating Charge'),
('HecarimOnslaught of Shadows', 'Hecarim', 'Onslaught of Shadows'),
('HecarimRampage', 'Hecarim', 'Rampage'),
('HecarimSpirit of Dread', 'Hecarim', 'Spirit of Dread'),
('HeimerdingerCH-2 Electron Storm Grenade', 'Heimerdinger', 'CH-2 Electron Storm Grenade'),
('HeimerdingerH-28G Evolution Turret', 'Heimerdinger', 'H-28G Evolution Turret'),
('HeimerdingerHextech Micro-Rockets', 'Heimerdinger', 'Hextech Micro-Rockets'),
('HeimerdingerUPGRADE!!!', 'Heimerdinger', 'UPGRADE!!!'),
('IllaoiHarsh Lesson', 'Illaoi', 'Harsh Lesson'),
('IllaoiLeap of Faith', 'Illaoi', 'Leap of Faith'),
('IllaoiTentacle Smash', 'Illaoi', 'Tentacle Smash'),
('IreliaHiten Style', 'Irelia', 'Hiten Style'),
('IreliaTranscendent Blades', 'Irelia', 'Transcendent Blades'),
('IvernDaisy!', 'Ivern', 'Daisy!'),
('IvernTriggerseed', 'Ivern', 'Triggerseed'),
('JannaEye Of The Storm', 'Janna', 'Eye Of The Storm'),
('JannaHowling Gale', 'Janna', 'Howling Gale'),
('JannaMonsoon', 'Janna', 'Monsoon'),
('Jarvan IVCataclysm', 'Jarvan IV', 'Cataclysm'),
('Jarvan IVDemacian Standard', 'Jarvan IV', 'Demacian Standard'),
('Jarvan IVDragon Strike', 'Jarvan IV', 'Dragon Strike'),
('Jarvan IVGolden Aegis', 'Jarvan IV', 'Golden Aegis'),
('JaxEmpower', 'Jax', 'Empower'),
('JaxLeap Strike', 'Jax', 'Leap Strike'),
('JayceLightning Field / Hyper Charge', 'Jayce', 'Lightning Field / Hyper Charge'),
('JayceThundering Blow / Acceleration Gate', 'Jayce', 'Thundering Blow / Acceleration Gate'),
('JayceTo the Skies! / Shock Blast', 'Jayce', 'To the Skies! / Shock Blast'),
('JhinCaptive Audience', 'Jhin', 'Captive Audience'),
('JhinCurtain Call', 'Jhin', 'Curtain Call'),
('JhinDancing Grenade', 'Jhin', 'Dancing Grenade'),
('JinxFlame Chompers!', 'Jinx', 'Flame Chompers!'),
('JinxSuper Mega Death Rocket!', 'Jinx', 'Super Mega Death Rocket!'),
('JinxSwitcheroo!', 'Jinx', 'Switcheroo!'),
('JinxZap!', 'Jinx', 'Zap!'),
('KalistaPierce', 'Kalista', 'Pierce'),
('KalistaRend', 'Kalista', 'Rend'),
('KalistaSentinel', 'Kalista', 'Sentinel'),
('KarmaFocused Resolve', 'Karma', 'Focused Resolve'),
('KarmaInner Flame', 'Karma', 'Inner Flame'),
('KarmaInspire', 'Karma', 'Inspire'),
('KarmaMantra', 'Karma', 'Mantra'),
('KarthusDefile', 'Karthus', 'Defile'),
('KarthusLay Waste', 'Karthus', 'Lay Waste'),
('KarthusRequiem', 'Karthus', 'Requiem'),
('KarthusWall of Pain', 'Karthus', 'Wall of Pain'),
('KassadinForce Pulse', 'Kassadin', 'Force Pulse'),
('KassadinRiftwalk', 'Kassadin', 'Riftwalk'),
('KatarinaBouncing Blade', 'Katarina', 'Bouncing Blade'),
('KatarinaDeath Lotus', 'Katarina', 'Death Lotus'),
('KayleDivine Blessing', 'Kayle', 'Divine Blessing'),
('KayleIntervention', 'Kayle', 'Intervention'),
('KayleReckoning', 'Kayle', 'Reckoning'),
('KennenElectrical Surge', 'Kennen', 'Electrical Surge'),
('KennenLightning Rush', 'Kennen', 'Lightning Rush'),
('KennenSlicing Maelstrom', 'Kennen', 'Slicing Maelstrom'),
('KennenThundering Shuriken', 'Kennen', 'Thundering Shuriken'),
('KindredDance of Arrows', 'Kindred', 'Dance of Arrows'),
('KindredMounting Dread', 'Kindred', 'Mounting Dread'),
('KledBear Trap on a Rope', 'Kled', 'Bear Trap on a Rope'),
('KledChaaaaaaaarge!!!', 'Kled', 'Chaaaaaaaarge!!!'),
('KledViolent Tendencies', 'Kled', 'Violent Tendencies'),
('LeBlancDistortion', 'LeBlanc', 'Distortion'),
('LeBlancEthereal Chains', 'LeBlanc', 'Ethereal Chains'),
('LeBlancMimic', 'LeBlanc', 'Mimic'),
('LeBlancShatter Orb', 'LeBlanc', 'Shatter Orb'),
('Lee SinSonic Wave / Resonating Strike', 'Lee Sin', 'Sonic Wave / Resonating Strike'),
('Lee SinTempest / Cripple', 'Lee Sin', 'Tempest / Cripple'),
('LeonaEclipse', 'Leona', 'Eclipse'),
('LeonaShield of Daybreak', 'Leona', 'Shield of Daybreak'),
('LeonaZenith Blade', 'Leona', 'Zenith Blade'),
('LissandraFrozen Tomb', 'Lissandra', 'Frozen Tomb'),
('LissandraIce Shard', 'Lissandra', 'Ice Shard'),
('LissandraRing of Frost', 'Lissandra', 'Ring of Frost'),
('LucianArdent Blaze', 'Lucian', 'Ardent Blaze'),
('LucianPiercing Light', 'Lucian', 'Piercing Light'),
('LucianThe Culling', 'Lucian', 'The Culling'),
('LuluGlitterlance', 'Lulu', 'Glitterlance'),
('LuluHelp, Pix!', 'Lulu', 'Help, Pix!'),
('LuluWild Growth', 'Lulu', 'Wild Growth'),
('LuxLight Binding', 'Lux', 'Light Binding'),
('LuxLucent Singularity', 'Lux', 'Lucent Singularity'),
('LuxPrismatic Barrier', 'Lux', 'Prismatic Barrier'),
('MalphiteBrutal Strikes', 'Malphite', 'Brutal Strikes'),
('MalphiteGround Slam', 'Malphite', 'Ground Slam'),
('MalphiteSeismic Shard', 'Malphite', 'Seismic Shard'),
('MalphiteUnstoppable Force', 'Malphite', 'Unstoppable Force'),
('MalzaharCall of the Void', 'Malzahar', 'Call of the Void'),
('MalzaharNether Grasp', 'Malzahar', 'Nether Grasp'),
('MalzaharVoid Swarm', 'Malzahar', 'Void Swarm'),
('MaokaiArcane Smash', 'Maokai', 'Arcane Smash'),
('MaokaiSapling Toss', 'Maokai', 'Sapling Toss'),
('MaokaiTwisted Advance', 'Maokai', 'Twisted Advance'),
('MaokaiVengeful Maelstrom', 'Maokai', 'Vengeful Maelstrom'),
('Master YiMeditate', 'Master Yi', 'Meditate'),
('Master YiWuju Style', 'Master Yi', 'Wuju Style'),
('Miss FortuneDouble Up', 'Miss Fortune', 'Double Up'),
('Miss FortuneMake It Rain', 'Miss Fortune', 'Make It Rain'),
('MordekaiserChildren of the Grave', 'Mordekaiser', 'Children of the Grave'),
('MorganaBlack Shield', 'Morgana', 'Black Shield'),
('MorganaDark Binding', 'Morgana', 'Dark Binding'),
('MorganaSoul Shackles', 'Morgana', 'Soul Shackles'),
('MorganaTormented Soil', 'Morgana', 'Tormented Soil'),
('NamiAqua Prison', 'Nami', 'Aqua Prison'),
('NamiEbb and Flow', 'Nami', 'Ebb and Flow'),
('NamiTidal Wave', 'Nami', 'Tidal Wave'),
('NasusFury of the Sands', 'Nasus', 'Fury of the Sands'),
('NasusSiphoning Strike', 'Nasus', 'Siphoning Strike'),
('NasusSpirit Fire', 'Nasus', 'Spirit Fire'),
('NasusWither', 'Nasus', 'Wither'),
('NautilusDepth Charge', 'Nautilus', 'Depth Charge'),
('NautilusDredge Line', 'Nautilus', 'Dredge Line'),
('NautilusRiptide', 'Nautilus', 'Riptide'),
('NidaleeAspect Of The Cougar', 'Nidalee', 'Aspect Of The Cougar'),
('NidaleeJavelin Toss / Takedown', 'Nidalee', 'Javelin Toss / Takedown'),
('NidaleePrimal Surge / Swipe', 'Nidalee', 'Primal Surge / Swipe'),
('NocturneDuskbringer', 'Nocturne', 'Duskbringer'),
('NocturneParanoia', 'Nocturne', 'Paranoia'),
('NocturneShroud of Darkness', 'Nocturne', 'Shroud of Darkness'),
('NunuAbsolute Zero', 'Nunu', 'Absolute Zero'),
('NunuBlood Boil', 'Nunu', 'Blood Boil'),
('NunuConsume', 'Nunu', 'Consume'),
('NunuIce Blast', 'Nunu', 'Ice Blast'),
('OlafRagnarok', 'Olaf', 'Ragnarok'),
('OlafReckless Swing', 'Olaf', 'Reckless Swing'),
('OriannaCommand: Attack', 'Orianna', 'Command: Attack'),
('OriannaCommand: Dissonance', 'Orianna', 'Command: Dissonance'),
('OriannaCommand: Protect', 'Orianna', 'Command: Protect'),
('OriannaCommand: Shockwave', 'Orianna', 'Command: Shockwave'),
('PantheonAegis of Zeonia', 'Pantheon', 'Aegis of Zeonia'),
('PantheonGrand Skyfall', 'Pantheon', 'Grand Skyfall'),
('PantheonSpear Shot', 'Pantheon', 'Spear Shot'),
('PoppyHammer Shock', 'Poppy', 'Hammer Shock'),
('PoppyHeroic Charge', 'Poppy', 'Heroic Charge'),
('PoppySteadfast Presence', 'Poppy', 'Steadfast Presence'),
('QuinnBlinding Assault', 'Quinn', 'Blinding Assault'),
('QuinnHeightened Senses', 'Quinn', 'Heightened Senses'),
('RammusDefensive Ball Curl', 'Rammus', 'Defensive Ball Curl'),
('RammusPowerball', 'Rammus', 'Powerball'),
('RammusTremors', 'Rammus', 'Tremors'),
('RenektonCull the Meek', 'Renekton', 'Cull the Meek'),
('RenektonDominus', 'Renekton', 'Dominus'),
('RenektonRuthless Predator', 'Renekton', 'Ruthless Predator'),
('RenektonSlice and Dice', 'Renekton', 'Slice and Dice'),
('RengarBattle Roar', 'Rengar', 'Battle Roar'),
('RengarBola Strike', 'Rengar', 'Bola Strike'),
('RengarSavagery', 'Rengar', 'Savagery'),
('RivenBlade of the Exile', 'Riven', 'Blade of the Exile'),
('RivenBroken Wings', 'Riven', 'Broken Wings'),
('RivenKi Burst', 'Riven', 'Ki Burst'),
('RivenValor', 'Riven', 'Valor'),
('RumbleElectro Harpoon', 'Rumble', 'Electro Harpoon'),
('RumbleFlamespitter', 'Rumble', 'Flamespitter'),
('RumbleScrap Shield', 'Rumble', 'Scrap Shield'),
('RumbleThe Equalizer', 'Rumble', 'The Equalizer'),
('RyzeRealm Warp', 'Ryze', 'Realm Warp'),
('RyzeRune Prison', 'Ryze', 'Rune Prison'),
('SejuaniArctic Assault', 'Sejuani', 'Arctic Assault'),
('SejuaniGlacial Prison', 'Sejuani', 'Glacial Prison'),
('SejuaniPermafrost', 'Sejuani', 'Permafrost'),
('ShacoDeceive', 'Shaco', 'Deceive'),
('ShacoHallucinate', 'Shaco', 'Hallucinate'),
('ShacoJack In The Box', 'Shaco', 'Jack In The Box'),
('ShenShadow Dash', 'Shen', 'Shadow Dash'),
('ShenStand United', 'Shen', 'Stand United'),
('ShyvanaBurnout', 'Shyvana', 'Burnout'),
('ShyvanaTwin Bite', 'Shyvana', 'Twin Bite'),
('SingedFling', 'Singed', 'Fling'),
('SingedInsanity Potion', 'Singed', 'Insanity Potion'),
('SingedMega Adhesive', 'Singed', 'Mega Adhesive'),
('SingedPoison Trail', 'Singed', 'Poison Trail'),
('SionDecimating Smash', 'Sion', 'Decimating Smash'),
('SionRoar of the Slayer', 'Sion', 'Roar of the Slayer'),
('SionSoul Furnace', 'Sion', 'Soul Furnace'),
('SionUnstoppable Onslaught', 'Sion', 'Unstoppable Onslaught'),
('SivirBoomerang Blade', 'Sivir', 'Boomerang Blade'),
('SivirOn The Hunt', 'Sivir', 'On The Hunt'),
('SivirSpell Shield', 'Sivir', 'Spell Shield'),
('SkarnerCrystal Slash', 'Skarner', 'Crystal Slash'),
('SkarnerCrystalline Exoskeleton', 'Skarner', 'Crystalline Exoskeleton'),
('SkarnerFracture', 'Skarner', 'Fracture'),
('SkarnerImpale', 'Skarner', 'Impale'),
('SonaAria of Perseverance', 'Sona', 'Aria of Perseverance'),
('SonaHymn of Valor', 'Sona', 'Hymn of Valor'),
('SonaSong of Celerity', 'Sona', 'Song of Celerity'),
('SorakaAstral Infusion', 'Soraka', 'Astral Infusion'),
('SorakaEquinox', 'Soraka', 'Equinox'),
('SorakaStarcall', 'Soraka', 'Starcall'),
('SorakaWish', 'Soraka', 'Wish'),
('SwainDecrepify', 'Swain', 'Decrepify'),
('SwainNevermove', 'Swain', 'Nevermove'),
('SwainRavenous Flock', 'Swain', 'Ravenous Flock'),
('SwainTorment', 'Swain', 'Torment'),
('SyndraDark Sphere', 'Syndra', 'Dark Sphere'),
('SyndraForce of Will', 'Syndra', 'Force of Will'),
('SyndraScatter the Weak', 'Syndra', 'Scatter the Weak'),
('SyndraUnleashed Power', 'Syndra', 'Unleashed Power'),
('Tahm KenchAbyssal Voyage', 'Tahm Kench', 'Abyssal Voyage'),
('Tahm KenchDevour', 'Tahm Kench', 'Devour'),
('Tahm KenchThick Skin', 'Tahm Kench', 'Thick Skin'),
('Tahm KenchTongue Lash', 'Tahm Kench', 'Tongue Lash'),
('TaliyahSeismic Shove', 'Taliyah', 'Seismic Shove'),
('TaliyahThreaded Volley', 'Taliyah', 'Threaded Volley'),
('TaliyahUnraveled Earth', 'Taliyah', 'Unraveled Earth'),
('TalonNoxian Diplomacy', 'Talon', 'Noxian Diplomacy'),
('TalonRake', 'Talon', 'Rake'),
('TalonShadow Assault', 'Talon', 'Shadow Assault'),
('TaricCosmic Radiance', 'Taric', 'Cosmic Radiance'),
('TaricDazzle', 'Taric', 'Dazzle'),
('TeemoNoxious Trap', 'Teemo', 'Noxious Trap'),
('ThreshDark Passage', 'Thresh', 'Dark Passage'),
('ThreshDeath Sentence', 'Thresh', 'Death Sentence'),
('ThreshThe Box', 'Thresh', 'The Box'),
('TristanaBuster Shot', 'Tristana', 'Buster Shot'),
('TristanaExplosive Charge', 'Tristana', 'Explosive Charge'),
('TristanaRapid Fire', 'Tristana', 'Rapid Fire'),
('TristanaRocket Jump', 'Tristana', 'Rocket Jump'),
('TrundleChomp', 'Trundle', 'Chomp'),
('TrundleFrozen Domain', 'Trundle', 'Frozen Domain'),
('TrundlePillar of Ice', 'Trundle', 'Pillar of Ice'),
('TryndamereBloodlust', 'Tryndamere', 'Bloodlust'),
('TryndamereSpinning Slash', 'Tryndamere', 'Spinning Slash'),
('Twisted FateDestiny', 'Twisted Fate', 'Destiny'),
('Twisted FatePick A Card', 'Twisted Fate', 'Pick A Card'),
('Twisted FateWild Cards', 'Twisted Fate', 'Wild Cards'),
('TwitchContaminate', 'Twitch', 'Contaminate'),
('TwitchSpray and Pray', 'Twitch', 'Spray and Pray'),
('TwitchVenom Cask', 'Twitch', 'Venom Cask'),
('UdyrPhoenix Stance', 'Udyr', 'Phoenix Stance'),
('UdyrTurtle Stance', 'Udyr', 'Turtle Stance'),
('UrgotAcid Hunter', 'Urgot', 'Acid Hunter'),
('UrgotHyper-Kinetic Position Reverser', 'Urgot', 'Hyper-Kinetic Position Reverser'),
('UrgotNoxian Corrosive Charge', 'Urgot', 'Noxian Corrosive Charge'),
('UrgotTerror Capacitor', 'Urgot', 'Terror Capacitor'),
('VarusChain of Corruption', 'Varus', 'Chain of Corruption'),
('VarusPiercing Arrow', 'Varus', 'Piercing Arrow'),
('VayneCondemn', 'Vayne', 'Condemn'),
('VayneFinal Hour', 'Vayne', 'Final Hour'),
('VayneTumble', 'Vayne', 'Tumble'),
('VeigarBaleful Strike', 'Veigar', 'Baleful Strike'),
('VeigarDark Matter', 'Veigar', 'Dark Matter'),
('VeigarEvent Horizon', 'Veigar', 'Event Horizon'),
('ViAssault and Battery', 'Vi', 'Assault and Battery'),
('ViktorChaos Storm', 'Viktor', 'Chaos Storm'),
('ViktorGravity Field', 'Viktor', 'Gravity Field'),
('ViktorSiphon Power', 'Viktor', 'Siphon Power'),
('ViVault Breaker', 'Vi', 'Vault Breaker'),
('VladimirHemoplague', 'Vladimir', 'Hemoplague'),
('VladimirSanguine Pool', 'Vladimir', 'Sanguine Pool'),
('VolibearMajestic Roar', 'Volibear', 'Majestic Roar'),
('VolibearRolling Thunder', 'Volibear', 'Rolling Thunder'),
('WarwickBlood Scent', 'Warwick', 'Blood Scent'),
('WarwickHungering Strike', 'Warwick', 'Hungering Strike'),
('WarwickInfinite Duress', 'Warwick', 'Infinite Duress'),
('WukongNimbus Strike', 'Wukong', 'Nimbus Strike'),
('XerathArcanopulse', 'Xerath', 'Arcanopulse'),
('XerathEye of Destruction', 'Xerath', 'Eye of Destruction'),
('XerathRite of the Arcane', 'Xerath', 'Rite of the Arcane'),
('XerathShocking Orb', 'Xerath', 'Shocking Orb'),
('Xin ZhaoAudacious Charge', 'Xin Zhao', 'Audacious Charge'),
('Xin ZhaoBattle Cry', 'Xin Zhao', 'Battle Cry'),
('Xin ZhaoCrescent Sweep', 'Xin Zhao', 'Crescent Sweep'),
('YasuoLast Breath', 'Yasuo', 'Last Breath'),
('YasuoSteel Tempest', 'Yasuo', 'Steel Tempest'),
('YasuoSweeping Blade', 'Yasuo', 'Sweeping Blade'),
('YasuoWind Wall', 'Yasuo', 'Wind Wall'),
('YorickDark Procession', 'Yorick', 'Dark Procession'),
('YorickLast Rites', 'Yorick', 'Last Rites'),
('YorickMourning Mist', 'Yorick', 'Mourning Mist'),
('ZacElastic Slingshot', 'Zac', 'Elastic Slingshot'),
('ZacStretching Strike', 'Zac', 'Stretching Strike'),
('ZedDeath Mark', 'Zed', 'Death Mark'),
('ZedRazor Shuriken', 'Zed', 'Razor Shuriken'),
('ZiggsBouncing Bomb', 'Ziggs', 'Bouncing Bomb'),
('ZiggsHexplosive Minefield', 'Ziggs', 'Hexplosive Minefield'),
('ZiggsMega Inferno Bomb', 'Ziggs', 'Mega Inferno Bomb'),
('ZiggsSatchel Charge', 'Ziggs', 'Satchel Charge'),
('ZileanChronoshift', 'Zilean', 'Chronoshift'),
('ZileanRewind', 'Zilean', 'Rewind'),
('ZileanTime Bomb', 'Zilean', 'Time Bomb'),
('ZyraDeadly Spines', 'Zyra', 'Deadly Spines'),
('ZyraGrasping Roots', 'Zyra', 'Grasping Roots');

-- --------------------------------------------------------

--
-- Table structure for table `champions`
--

CREATE TABLE `champions` (
  `Name` char(64) NOT NULL,
  `HPscaling` char(64) DEFAULT NULL,
  `HP` char(64) DEFAULT NULL,
  `MPscaling` char(64) DEFAULT NULL,
  `MP` char(64) DEFAULT NULL,
  `ADscaling` char(64) DEFAULT NULL,
  `AD` char(64) DEFAULT NULL,
  `AtkSscaling` char(64) DEFAULT NULL,
  `AtkS` char(64) DEFAULT NULL,
  `ARscaling` char(64) DEFAULT NULL,
  `AR` char(64) DEFAULT NULL,
  `MRscaling` char(64) DEFAULT NULL,
  `MR` char(64) DEFAULT NULL
) ENGINE=InnoDB DEFAULT CHARSET=latin1;

--
-- Dumping data for table `champions`
--

INSERT INTO `champions` (`Name`, `HPscaling`, `HP`, `MPscaling`, `MP`, `ADscaling`, `AD`, `AtkSscaling`, `AtkS`, `ARscaling`, `AR`, `MRscaling`, `MR`) VALUES
('Aatrox', '85', '537.8', '45', '105.6', '3.2', '60.376', '3', '-0.04', '3.8', '24.384', '1.25', '32.1'),
('Ahri', '80', '514.4', '50', '334', '3', '53.04', '2', '-0.065', '3.5', '20.88', '0', '30'),
('Akali', '85', '587.8', '0', '200', '3.2', '58.376', '3.1', '-0.1', '3.5', '26.38', '1.25', '32.1'),
('Alistar', '106', '613.36', '38', '278.84', '3.62', '61.1116', '2.125', '0', '3.5', '24.38', '1.25', '32.1'),
('Amumu', '84', '613.12', '40', '287.2', '3.8', '53.384', '2.18', '-0.02', '3.8', '23.544', '1.25', '32.1'),
('Anivia', '70', '467.6', '50', '396.04', '3.2', '51.376', '1.68', '0', '4', '21.22', '0', '30'),
('Annie', '76', '511.68', '50', '334', '2.625', '50.41', '1.36', '0.08', '4', '19.22', '0', '30'),
('Ashe', '79', '527.72', '32', '280', '2.26', '56.508', '3.33', '-0.05', '3.4', '21.212', '0', '30'),
('Aurelion Sol', '80', '550', '50', '350', '3.2', '57', '1.36', '0', '3.6', '19', '0', '30'),
('Azir', '80', '524.4', '42', '350.56', '2.8', '52', '1.5', '-0.02', '3', '19.04', '0', '30'),
('Bard', '89', '535', '50', '350', '3', '52', '2', '0', '4', '25', '0', '30'),
('Blitzcrank', '95', '582.6', '40', '267.2', '3.5', '61.54', '1.13', '0', '4', '24.38', '1.25', '32.1'),
('Brand', '76', '507.68', '42', '375.6', '3', '57.04', '1.36', '0', '3.5', '21.88', '0', '30'),
('Braum', '87', '576.16', '45', '310.6', '3.2', '55.376', '3.5', '-0.03', '4.5', '26.72', '1.25', '32.1'),
('Caitlyn', '80', '524.4', '35', '313.7', '2.18', '53.66', '4', '0.1', '3.5', '22.88', '0', '30'),
('Cassiopeia', '75', '525', '60', '375', '3', '53', '1.5', '-0.034', '3.5', '25', '0', '30'),
('Corki', '82', '512.76', '34', '350.16', '3.5', '56', '2.3', '0', '3.5', '23.38', '0', '30'),
('Darius', '100', '582.24', '37.5', '263', '5', '56', '1', '0', '4', '30', '1.25', '32.1'),
('Diana', '90', '589.2', '40', '297.2', '3', '53.04', '2.25', '0', '3.6', '26.048', '1.25', '32.1'),
('Dr. Mundo', '89', '582.52', '0', '0', '3', '61.27', '2.8', '0', '3.5', '26.88', '1.25', '32.1'),
('Draven', '82', '557.76', '39', '360.56', '2.91', '55.8', '2.7', '-0.08', '3.3', '25.544', '0', '30'),
('Ekko', '80', '580', '50', '280', '3', '55', '3.3', '0', '3', '27', '1.25', '32'),
('Elise', '80', '529.4', '50', '324', '3', '50.54', '1.75', '0', '3.35', '22.128', '0', '30'),
('Evelynn', '90', '531.2', '42', '315.6', '3.5', '53.88', '3.6', '0', '3.8', '26.5', '1.25', '32.1'),
('Ezreal', '80', '484.4', '42', '360.6', '2.41', '55.66', '2.8', '0', '3.5', '21.88', '0', '30'),
('Fiddlesticks', '80', '524.4', '56', '400.12', '2.625', '48.36', '2.11', '0', '3.5', '20.88', '0', '30'),
('Fiora', '85', '550', '40', '300', '3.3', '60', '3.2', '0', '3.5', '24', '1.25', '32.1'),
('Fizz', '86', '558.48', '37', '317.2', '3', '58.04', '3.1', '-0.05', '3.4', '22.412', '1.25', '32.1'),
('Galio', '85', '577.8', '47', '369', '3.375', '61.97', '1.2', '-0.02', '3.5', '26.88', '1.25', '32.1'),
('Gangplank', '82', '540', '40', '282', '3', '56', '3.2', '0', '3', '26', '1.25', '32.1'),
('Garen', '84.25', '616.28', '0', '0', '4.5', '57.88', '2.9', '0', '3', '27.536', '1.25', '32.1'),
('Gnar', '65', '540', '0', '100', '3', '51', '6', '0', '2.5', '23', '0', '30'),
('Gragas', '89', '583.52', '47', '400', '3.5', '61.38', '2.05', '-0.04', '3.6', '26.048', '1.25', '32.1'),
('Graves', '84', '551.12', '40', '322.2', '2.41', '60.83', '2.6', '0.3', '3.4', '24.376', '0', '30'),
('Hecarim', '90', '580', '40', '277.2', '3.2', '58', '2.5', '-0.0672', '4', '26.72', '1.25', '32.1'),
('Heimerdinger', '75', '476', '40', '307.2', '2.7', '55.536', '1.36', '0', '3', '19.04', '0', '30'),
('Illaoi', '95', '585.6', '40', '300', '5', '60', '2.5', '0', '3.8', '26', '1.25', '32.1'),
('Irelia', '90', '607.2', '32', '338.8', '3.3', '61.544', '3.2', '-0.06', '3.75', '25.3', '1.25', '32.1'),
('Ivern', '90', '580', '60', '450', '3', '50', '3.4', '-0.03', '3.5', '22', '1.25', '32.1'),
('Janna', '78', '487.04', '64', '409.52', '2.95', '51.956', '2.61', '0', '3.8', '19.384', '0', '30'),
('Jarvan IV', '90', '571.2', '40', '302.2', '3.4', '55.712', '2.5', '-0.05', '3.6', '29', '1.25', '32.1'),
('Jax', '85', '592.8', '32', '338.8', '3.375', '61.97', '3.4', '-0.02', '3', '27.04', '1.25', '32.1'),
('Jayce', '90', '571.2', '37', '357.2', '3.5', '50.38', '3', '-0.05', '3.5', '22.38', '0', '30'),
('Jhin', '85', '540', '50', '300', '4', '53', '0', '0', '3.5', '20', '0', '30'),
('Jinx', '82', '517.76', '45', '245.6', '2.41', '58.46', '1', '0', '3.5', '22.88', '0', '30'),
('Kalista', '83', '517.76', '35', '231.8', '2.9', '63', '2.5', '-0.03', '3.5', '19.012', '0', '30'),
('Karma', '83', '522.44', '50', '374', '3.3', '53.544', '2.3', '0', '3.8', '20.384', '0', '30'),
('Karthus', '75', '516', '61', '372.48', '3.25', '45.66', '2.11', '0', '3.5', '20.88', '0', '30'),
('Kassadin', '78', '564.04', '67', '397.6', '3.9', '58.852', '3.7', '-0.023', '3.2', '23.376', '0', '30'),
('Katarina', '82', '590', '0', '0', '3.2', '58', '2.74', '-0.05', '3.5', '27.88', '1.25', '34.1'),
('Kayle', '93', '574.24', '40', '322.2', '2.8', '51', '2.2', '-0.02', '3.5', '26.88', '0', '30'),
('Kennen', '79', '535.72', '0', '200', '3.3', '50.544', '3.4', '-0.0947', '3.75', '24.3', '0', '30'),
('Kindred', '85', '540', '35', '300', '1.7', '54', '2.5', '0', '3.5', '20', '0', '30'),
('Kled', '70', '340', '0', '100', '3', '55', '3.5', '0', '4', '26', '1.25', '32.1'),
('LeBlanc', '80', '516', '50', '334', '3.5', '54.88', '1.4', '0', '3.5', '21.88', '0', '30'),
('Lee Sin', '85', '570.8', '0', '200', '3.2', '61.176', '3', '-0.04', '3.7', '24.216', '1.25', '32.1'),
('Leona', '87', '576.16', '40', '302.2', '3', '60.04', '2.9', '0', '3.6', '27.208', '1.25', '32.1'),
('Lissandra', '75', '506.12', '50', '304', '2.7', '50.536', '1.36', '0', '3.7', '20.216', '0', '30'),
('Lucian', '80', '554.4', '38', '348.88', '2.41', '57.46', '3.3', '-0.02', '3', '24.04', '0', '30'),
('Lulu', '74', '552.76', '55', '350', '2.6', '46.368', '2.25', '0', '3.7', '19.216', '0', '30'),
('Lux', '79', '477.72', '47', '384', '3.3', '53.544', '1.36', '0', '4', '18.72', '0', '30'),
('Malphite', '90', '574.2', '40', '282.2', '3.375', '61.97', '3.4', '-0.02', '3.75', '28.3', '1.25', '32.1'),
('Malzahar', '75', '525', '55', '300', '3', '55', '1.5', '0', '3.5', '20', '0', '30'),
('Maokai', '90', '572.2', '43', '377.28', '3.3', '63.544', '2.125', '-0.1', '4', '28.72', '1.25', '32.1'),
('Master Yi', '92', '598.56', '42', '250.56', '3', '60.04', '2', '-0.08', '3', '24.04', '1.25', '32.1'),
('Miss Fortune', '85', '530', '35', '325.84', '1', '46', '3', '-0.04734', '3', '24.04', '0', '30'),
('Mordekaiser', '73', '525', '0', '0', '5', '61', '2.2', '0.04', '3.75', '20', '1.25', '32.1'),
('Morgana', '86', '547.48', '60', '340.8', '3.5', '55.46', '1.53', '0', '3.8', '25.384', '0', '30'),
('Nami', '74', '489.32', '43', '377.24', '3.1', '51.208', '2.61', '-0.03', '4', '19.72', '0', '30'),
('Nasus', '90', '561.2', '42', '325.6', '3.5', '59.18', '3.48', '-0.02', '3.5', '24.88', '1.25', '32.1'),
('Nautilus', '86', '576.48', '47', '334', '3.3', '57.544', '1', '0.02', '3.75', '26.46', '1.25', '32.1'),
('Nidalee', '80', '511.2', '45', '295.6', '3.5', '47.88', '3.22', '-0.02', '3.5', '22.88', '0', '30'),
('Nocturne', '85', '582.8', '35', '273.8', '3.1', '59.208', '2.7', '-0.065', '3.5', '26.88', '1.25', '32.1'),
('Nunu', '90', '598.28', '42', '283.56', '4', '59', '2.25', '0', '3.5', '26.38', '1.25', '32.1'),
('Olaf', '93', '597.24', '42', '315.6', '3.5', '59.98', '2.7', '-0.1', '3', '26.04', '1.25', '32.1'),
('Orianna', '79', '517.72', '50', '334', '2.6', '40.368', '3.5', '-0.05', '3', '17.04', '0', '30'),
('Pantheon', '87', '579.16', '31', '317.12', '2.9', '55.572', '2.95', '-0.03', '3.9', '27.652', '1.25', '32.1'),
('Poppy', '90', '540', '40', '280', '4', '56', '2.5', '0', '3.5', '29', '1.25', '32'),
('Quinn', '85', '532.8', '35', '268.8', '2.41', '54.46', '3.1', '-0.065', '3.5', '23.38', '0', '30'),
('Rammus', '86', '564.48', '33', '310.44', '3.5', '55.88', '2.215', '0', '4.3', '31.384', '1.25', '32.1'),
('Renekton', '87', '572.16', '0', '100', '3.1', '58.328', '2.65', '-0.06', '3.8', '25.584', '1.25', '32.1'),
('Rengar', '90', '586.2', '0', '4', '1', '60', '3.5', '0', '3', '25.88', '1.25', '32.1'),
('Riven', '86', '558.48', '0', '0', '3', '56.04', '3.5', '0', '3.2', '24.376', '1.25', '32.1'),
('Rumble', '80', '584.4', '0', '100', '3.2', '61.036', '1.85', '-0.03', '3.5', '25.88', '1.25', '32.1'),
('Ryze', '86', '558.48', '50', '400', '3', '55.04', '2.112', '0', '3', '21.552', '0', '30'),
('Sejuani', '95', '600', '40', '400', '3.3', '57.544', '1.44', '-0.0672', '3', '29.54', '1.25', '32.1'),
('Shaco', '84', '582.12', '40', '297.2', '3.5', '57.58', '3', '-0.1', '3.5', '24.88', '1.25', '32.1'),
('Shen', '85', '540', '0', '400', '3', '60', '2', '0', '3', '25', '1.25', '32.1'),
('Shyvana', '95', '595', '0', '100', '3.4', '60.712', '2.5', '-0.05', '3.35', '27.628', '1.25', '32.1'),
('Singed', '82', '542.76', '45', '290.6', '3.375', '62.32', '1.81', '0.02', '3.5', '27.88', '1.25', '32.1'),
('Sion', '73', '542.64', '42', '325.6', '4', '59.72', '1.3', '-0.08', '3', '23.04', '1.25', '32.1'),
('Sivir', '82', '515.76', '50', '284', '2.41', '57.46', '1.6', '0', '3.25', '22.21', '0', '30'),
('Skarner', '90', '601.28', '40', '272.2', '4.5', '57.156', '2.1', '0', '3.8', '29.384', '1.25', '32.1'),
('Sona', '77', '482.36', '45', '340.6', '3', '50.04', '2.3', '-0.03', '3.3', '20.544', '0', '30'),
('Soraka', '78', '529.04', '60', '350.8', '3', '50.04', '2.14', '0', '3.8', '23.384', '0', '30'),
('Swain', '90', '516.04', '47', '374', '3', '52.04', '2.11', '0', '4', '22.72', '0', '30'),
('Syndra', '78', '511.04', '60', '384', '2.9', '53.872', '2', '0', '3.4', '24.712', '0', '30'),
('Tahm Kench', '95', '610', '40', '325', '3.2', '56', '2.5', '0', '3.5', '27', '1.25', '32.1'),
('Taliyah', '75', '520', '60', '340', '3.3', '56', '1.36', '0', '3', '20', '0', '30'),
('Talon', '90', '583', '37', '377.2', '3.1', '60', '2.9', '0', '3.5', '26.88', '1.25', '32.1'),
('Taric', '90', '575', '60', '300', '3.5', '55', '2', '0', '3.4', '25', '1.25', '32.1'),
('Teemo', '82', '515.76', '40', '267.2', '3', '49.54', '3.38', '-0.0947', '3.75', '24.3', '0', '30'),
('Thresh', '93', '560.52', '44', '273.92', '2.2', '47.696', '3.5', '0', '0', '16', '0', '30'),
('Tristana', '82', '542.76', '32', '246.76', '2.41', '56.96', '1.5', '-0.04734', '3', '22', '0', '30'),
('Trundle', '96', '616.28', '45', '281.6', '3', '60.04', '2.9', '-0.0672', '2.7', '27.536', '1.25', '32.1'),
('Tryndamere', '98', '625.64', '0', '100', '3.2', '61.376', '2.9', '-0.0672', '3.1', '24.108', '1.25', '32.1'),
('Twisted Fate', '82', '521.76', '38', '265.84', '3.3', '49.954', '3.22', '-0.04', '3.15', '20.542', '0', '30'),
('Twitch', '81', '525.08', '40', '287.2', '2.41', '55.46', '3.38', '-0.08', '3', '23.04', '0', '30'),
('Udyr', '99', '593.32', '30', '270.4', '3.2', '58.286', '2.67', '-0.05', '4', '25.47', '1.25', '32.1'),
('Urgot', '89', '586.52', '55', '312.4', '3.6', '54.05', '2.9', '-0.03', '3.3', '24.544', '0', '30'),
('Varus', '82', '537.76', '33', '360.48', '2.41', '54.66', '3', '-0.05', '3.4', '23.212', '0', '30'),
('Vayne', '83', '498.44', '35', '231.8', '1.66', '55.88', '4', '-0.05', '3.4', '19.012', '0', '30'),
('Veigar', '82', '492.76', '52', '392.4', '2.625', '50.71', '2.24', '0', '3.75', '22.55', '0', '30'),
('Vi', '85', '582.8', '45', '295.6', '3.5', '55.88', '2.5', '-0.03', '3.5', '25.88', '1.25', '32.1'),
('Viktor', '78', '516.04', '50', '324', '3', '52.04', '2.11', '-0.05', '4', '22.72', '0', '30'),
('Vladimir', '84', '525', '0', '2', '3', '52', '2', '0', '3.3', '23', '0', '30'),
('Volibear', '86', '584.48', '30', '270.4', '3.3', '59.544', '2.67', '-0.05', '3.5', '26.38', '1.25', '32.1'),
('Warwick', '98', '592.64', '30', '240.4', '3.375', '62.43', '2.88', '-0.08', '3.5', '25.88', '1.25', '32.1'),
('Wukong', '85', '577.8', '38', '265.84', '3.2', '59.876', '3', '-0.05', '3.5', '24.88', '1.25', '32.1'),
('Xerath', '80', '514.4', '44', '366.96', '3', '54.7', '1.36', '0', '3.5', '21.88', '0', '30'),
('Xin Zhao', '92', '600', '35', '273.8', '3.3', '57.544', '2.6', '0', '3.5', '25.88', '1.25', '32.1'),
('Yasuo', '82', '517.76', '0', '100', '3.2', '55.376', '2.5', '-0.067', '3.4', '24.712', '0', '30'),
('Yorick', '100', '580', '40', '300', '5', '57', '2', '0', '4', '30', '1.25', '32'),
('Zac', '95', '614.6', '0', '0', '3.375', '59.67', '1.6', '-0.02', '3.5', '23.88', '1.25', '32.1'),
('Zed', '80', '579.4', '0', '200', '3.4', '54.712', '2.1', '-0.03', '3.5', '26.88', '1.25', '32.1'),
('Ziggs', '80', '524.4', '47', '384', '3.1', '54.208', '2', '-0.04734', '3.3', '21.544', '0', '30'),
('Zilean', '77', '499.28', '60', '360.8', '3', '51.64', '2.13', '0', '3.8', '19.134', '0', '30'),
('Zyra', '74', '499.32', '50', '334', '3.2', '53.376', '2.11', '0', '3', '20.04', '0', '30');

-- --------------------------------------------------------

--
-- Table structure for table `items`
--

CREATE TABLE `items` (
  `Name` varchar(64) NOT NULL,
  `Description` varchar(600) DEFAULT NULL,
  `FlatHPPoolMod` float DEFAULT '0',
  `rFlatHPModPerLevel` float DEFAULT '0',
  `FlatMPPoolMod` float DEFAULT '0',
  `rFlatMPModPerLevel` float DEFAULT '0',
  `PercentHPPoolMod` float DEFAULT '0',
  `PercentMPPoolMod` float DEFAULT '0',
  `FlatHPRegenMod` float DEFAULT '0',
  `rFlatHPRegenModPerLevel` float DEFAULT '0',
  `PercentHPRegenMod` float DEFAULT '0',
  `FlatMPRegenMod` float DEFAULT '0',
  `rFlatMPRegenModPerLevel` float DEFAULT '0',
  `PercentMPRegenMod` float DEFAULT '0',
  `FlatArmorMod` float DEFAULT '0',
  `rFlatArmorModPerLevel` float DEFAULT '0',
  `PercentArmorMod` float DEFAULT '0',
  `rFlatArmorPenetrationMod` float DEFAULT '0',
  `rFlatArmorPenetrationModPerLevel` float DEFAULT '0',
  `rPercentArmorPenetrationModPerLevel` float DEFAULT '0',
  `FlatPhysicalDamageMod` float DEFAULT '0',
  `rFlatPhysicalDamageModPerLevel` float DEFAULT '0',
  `PercentPhysicalDamageMod` float DEFAULT '0',
  `FlatMagicDamageMod` float DEFAULT '0',
  `rFlatMagicDamageModPerLevel` float DEFAULT '0',
  `PercentMagicDamageMod` float DEFAULT '0',
  `FlatMovementSpeedMod` float DEFAULT '0',
  `rFlatMovementSpeedModPerLevel` float DEFAULT '0',
  `PercentMovementSpeedMod` float DEFAULT '0',
  `rPercentMovementSpeedModPerLevel` float DEFAULT '0',
  `FlatAttackSpeedMod` float DEFAULT '0',
  `PercentAttackSpeedMod` float DEFAULT '0',
  `rPercentAttackSpeedModPerLevel` float DEFAULT '0',
  `rFlatDodgeMod` float DEFAULT '0',
  `rFlatDodgeModPerLevel` float DEFAULT '0',
  `PercentDodgeMod` float DEFAULT '0',
  `FlatCritChanceMod` float DEFAULT '0',
  `rFlatCritChanceModPerLevel` float DEFAULT '0',
  `PercentCritChanceMod` float DEFAULT '0',
  `FlatCritDamageMod` float DEFAULT '0',
  `rFlatCritDamageModPerLevel` float DEFAULT '0',
  `PercentCritDamageMod` float DEFAULT '0',
  `FlatBlockMod` float DEFAULT '0',
  `PercentBlockMod` float DEFAULT '0',
  `FlatSpellBlockMod` float DEFAULT '0',
  `rFlatSpellBlockModPerLevel` float DEFAULT '0',
  `PercentSpellBlockMod` float DEFAULT '0',
  `FlatEXPBonus` float DEFAULT '0',
  `PercentEXPBonus` float DEFAULT '0',
  `rPercentCooldownMod` float DEFAULT '0',
  `rPercentCooldownModPerLevel` float DEFAULT '0',
  `rFlatTimeDeadMod` float DEFAULT '0',
  `rFlatTimeDeadModPerLevel` float DEFAULT '0',
  `rPercentTimeDeadMod` float DEFAULT '0',
  `rPercentTimeDeadModPerLevel` float DEFAULT '0',
  `rFlatGoldPer10Mod` float DEFAULT '0',
  `rFlatMagicPenetrationMod` float DEFAULT '0',
  `rFlatMagicPenetrationModPerLevel` float DEFAULT '0',
  `rPercentMagicPenetrationMod` float DEFAULT '0',
  `rPercentMagicPenetrationModPerLevel` float DEFAULT '0',
  `FlatEnergyRegenMod` float DEFAULT '0',
  `rFlatEnergyRegenModPerLevel` float DEFAULT '0',
  `FlatEnergyPoolMod` float DEFAULT '0',
  `rFlatEnergyModPerLevel` float DEFAULT '0',
  `PercentLifeStealMod` float DEFAULT '0',
  `PercentSpellVampMod` float DEFAULT '0'
) ENGINE=InnoDB DEFAULT CHARSET=latin1;

--
-- Dumping data for table `items`
--

INSERT INTO `items` (`Name`, `Description`, `FlatHPPoolMod`, `rFlatHPModPerLevel`, `FlatMPPoolMod`, `rFlatMPModPerLevel`, `PercentHPPoolMod`, `PercentMPPoolMod`, `FlatHPRegenMod`, `rFlatHPRegenModPerLevel`, `PercentHPRegenMod`, `FlatMPRegenMod`, `rFlatMPRegenModPerLevel`, `PercentMPRegenMod`, `FlatArmorMod`, `rFlatArmorModPerLevel`, `PercentArmorMod`, `rFlatArmorPenetrationMod`, `rFlatArmorPenetrationModPerLevel`, `rPercentArmorPenetrationModPerLevel`, `FlatPhysicalDamageMod`, `rFlatPhysicalDamageModPerLevel`, `PercentPhysicalDamageMod`, `FlatMagicDamageMod`, `rFlatMagicDamageModPerLevel`, `PercentMagicDamageMod`, `FlatMovementSpeedMod`, `rFlatMovementSpeedModPerLevel`, `PercentMovementSpeedMod`, `rPercentMovementSpeedModPerLevel`, `FlatAttackSpeedMod`, `PercentAttackSpeedMod`, `rPercentAttackSpeedModPerLevel`, `rFlatDodgeMod`, `rFlatDodgeModPerLevel`, `PercentDodgeMod`, `FlatCritChanceMod`, `rFlatCritChanceModPerLevel`, `PercentCritChanceMod`, `FlatCritDamageMod`, `rFlatCritDamageModPerLevel`, `PercentCritDamageMod`, `FlatBlockMod`, `PercentBlockMod`, `FlatSpellBlockMod`, `rFlatSpellBlockModPerLevel`, `PercentSpellBlockMod`, `FlatEXPBonus`, `PercentEXPBonus`, `rPercentCooldownMod`, `rPercentCooldownModPerLevel`, `rFlatTimeDeadMod`, `rFlatTimeDeadModPerLevel`, `rPercentTimeDeadMod`, `rPercentTimeDeadModPerLevel`, `rFlatGoldPer10Mod`, `rFlatMagicPenetrationMod`, `rFlatMagicPenetrationModPerLevel`, `rPercentMagicPenetrationMod`, `rPercentMagicPenetrationModPerLevel`, `FlatEnergyRegenMod`, `rFlatEnergyRegenModPerLevel`, `FlatEnergyPoolMod`, `rFlatEnergyModPerLevel`, `PercentLifeStealMod`, `PercentSpellVampMod`) VALUES
('', '', 0, 0, 0, 0, 0, 0, 0, 0, 0, 0, 0, 0, 0, 0, 0, 0, 0, 0, 0, 0, 0, 0, 0, 0, 0, 0, 0, 0, 0, 0, 0, 0, 0, 0, 0, 0, 0, 0, 0, 0, 0, 0, 0, 0, 0, 0, 0, 0, 0, 0, 0, 0, 0, 0, 0, 0, 0, 0, 0, 0, 0, 0, 0, 0),
('Abyssal Scepter', '<stats>+60 Ability Power<br>+60 Magic Resist<br>+10% Cooldown Reduction</stats><br><br><aura>UNIQUE Aura:</aura> Nearby enemy champions take 10% more magic damage.', 0, 0, 0, 0, 0, 0, 0, 0, 0, 0, 0, 0, 0, 0, 0, 0, 0, 0, 0, 0, 0, 60, 0, 0, 0, 0, 0, 0, 0, 0, 0, 0, 0, 0, 0, 0, 0, 0, 0, 0, 0, 0, 60, 0, 0, 0, 0, 0, 0, 0, 0, 0, 0, 0, 0, 0, 0, 0, 0, 0, 0, 0, 0, 0),
('Aegis of the Legion', '<stats>+30 Armor<br>+30 Magic Resist</stats>', 0, 0, 0, 0, 0, 0, 0, 0, 0, 0, 0, 0, 30, 0, 0, 0, 0, 0, 0, 0, 0, 0, 0, 0, 0, 0, 0, 0, 0, 0, 0, 0, 0, 0, 0, 0, 0, 0, 0, 0, 0, 0, 30, 0, 0, 0, 0, 0, 0, 0, 0, 0, 0, 0, 0, 0, 0, 0, 0, 0, 0, 0, 0, 0),
('Aether Wisp', '<stats>+30 Ability Power</stats><br><br><unique>UNIQUE Passive:</unique> +5% Movement Speed', 0, 0, 0, 0, 0, 0, 0, 0, 0, 0, 0, 0, 0, 0, 0, 0, 0, 0, 0, 0, 0, 30, 0, 0, 0, 0, 0, 0, 0, 0, 0, 0, 0, 0, 0, 0, 0, 0, 0, 0, 0, 0, 0, 0, 0, 0, 0, 0, 0, 0, 0, 0, 0, 0, 0, 0, 0, 0, 0, 0, 0, 0, 0, 0),
('Amplifying Tome', '<stats>+20 Ability Power</stats>', 0, 0, 0, 0, 0, 0, 0, 0, 0, 0, 0, 0, 0, 0, 0, 0, 0, 0, 0, 0, 0, 20, 0, 0, 0, 0, 0, 0, 0, 0, 0, 0, 0, 0, 0, 0, 0, 0, 0, 0, 0, 0, 0, 0, 0, 0, 0, 0, 0, 0, 0, 0, 0, 0, 0, 0, 0, 0, 0, 0, 0, 0, 0, 0),
('Ardent Censer', '<stats>+60 Ability Power<br>+10% Cooldown Reduction<br><mana>+50% Base Mana Regen </mana></stats><br><br><unique>UNIQUE Passive:</unique> +10% Heal and Shield Power<br><unique>UNIQUE Passive:</unique> +8% Movement Speed<br><unique>UNIQUE Passive:</unique> Your heals and shields on another allied champion grant them 20% Attack Speed and their attacks drain 20 health on-hit for 6 seconds.<br><br><rules>(This does not include regeneration effects or effects on yourself.)</rules>', 0, 0, 0, 0, 0, 0, 0, 0, 0, 0, 0, 0, 0, 0, 0, 0, 0, 0, 0, 0, 0, 60, 0, 0, 0, 0, 0, 0, 0, 0, 0, 0, 0, 0, 0, 0, 0, 0, 0, 0, 0, 0, 0, 0, 0, 0, 0, 0, 0, 0, 0, 0, 0, 0, 0, 0, 0, 0, 0, 0, 0, 0, 0, 0),
('B. F. Sword', '<stats>+40 Attack Damage</stats>', 0, 0, 0, 0, 0, 0, 0, 0, 0, 0, 0, 0, 0, 0, 0, 0, 0, 0, 40, 0, 0, 0, 0, 0, 0, 0, 0, 0, 0, 0, 0, 0, 0, 0, 0, 0, 0, 0, 0, 0, 0, 0, 0, 0, 0, 0, 0, 0, 0, 0, 0, 0, 0, 0, 0, 0, 0, 0, 0, 0, 0, 0, 0, 0),
('Banner of Command', '<stats>+60 Armor<br>+30 Magic Resist<br><mana>+400 Mana</mana><br>+10% Cooldown Reduction</stats><br><br><active>UNIQUE Active - Promote:</active> Greatly increases the power of a lane minion and grants it immunity to magic damage (120 second cooldown).', 0, 0, 400, 0, 0, 0, 0, 0, 0, 0, 0, 0, 60, 0, 0, 0, 0, 0, 0, 0, 0, 0, 0, 0, 0, 0, 0, 0, 0, 0, 0, 0, 0, 0, 0, 0, 0, 0, 0, 0, 0, 0, 30, 0, 0, 0, 0, 0, 0, 0, 0, 0, 0, 0, 0, 0, 0, 0, 0, 0, 0, 0, 0, 0),
('Blasting Wand', '<stats>+40 Ability Power</stats>', 0, 0, 0, 0, 0, 0, 0, 0, 0, 0, 0, 0, 0, 0, 0, 0, 0, 0, 0, 0, 0, 40, 0, 0, 0, 0, 0, 0, 0, 0, 0, 0, 0, 0, 0, 0, 0, 0, 0, 0, 0, 0, 0, 0, 0, 0, 0, 0, 0, 0, 0, 0, 0, 0, 0, 0, 0, 0, 0, 0, 0, 0, 0, 0),
('Boots of Mobility', '<unique>UNIQUE Passive - Enhanced Movement:</unique> +25 Movement Speed. Increases to +115 Movement Speed when out of combat for 5 seconds.', 0, 0, 0, 0, 0, 0, 0, 0, 0, 0, 0, 0, 0, 0, 0, 0, 0, 0, 0, 0, 0, 0, 0, 0, 115, 0, 0, 0, 0, 0, 0, 0, 0, 0, 0, 0, 0, 0, 0, 0, 0, 0, 0, 0, 0, 0, 0, 0, 0, 0, 0, 0, 0, 0, 0, 0, 0, 0, 0, 0, 0, 0, 0, 0),
('Boots of Speed', '<groupLimit>Limited to 1.</groupLimit><br><br><unique>UNIQUE Passive - Enhanced Movement:</unique> +25 Movement Speed', 0, 0, 0, 0, 0, 0, 0, 0, 0, 0, 0, 0, 0, 0, 0, 0, 0, 0, 0, 0, 0, 0, 0, 0, 25, 0, 0, 0, 0, 0, 0, 0, 0, 0, 0, 0, 0, 0, 0, 0, 0, 0, 0, 0, 0, 0, 0, 0, 0, 0, 0, 0, 0, 0, 0, 0, 0, 0, 0, 0, 0, 0, 0, 0),
('Boots of Swiftness', '<unique>UNIQUE Passive - Enhanced Movement:</unique> +55 Movement Speed<br><unique>UNIQUE Passive - Slow Resist:</unique> Movement slowing effects are reduced by 25%.', 0, 0, 0, 0, 0, 0, 0, 0, 0, 0, 0, 0, 0, 0, 0, 0, 0, 0, 0, 0, 0, 0, 0, 0, 55, 0, 0, 0, 0, 0, 0, 0, 0, 0, 0, 0, 0, 0, 0, 0, 0, 0, 0, 0, 0, 0, 0, 0, 0, 0, 0, 0, 0, 0, 0, 0, 0, 0, 0, 0, 0, 0, 0, 0),
('Catalyst of Aeons', '<stats>+225 Health<br><mana>+300 Mana</mana></stats><br><br><unique>UNIQUE Passive - Eternity:</unique> 15% of damage taken from champions is gained as Mana. <br><br>Spending Mana restores 20% of the cost as Health, up to 15 per spell cast.  <br><br><rules>(Toggled Spells heal for a maximum of 15 per second.)</rules>', 225, 0, 300, 0, 0, 0, 0, 0, 0, 0, 0, 0, 0, 0, 0, 0, 0, 0, 0, 0, 0, 0, 0, 0, 0, 0, 0, 0, 0, 0, 0, 0, 0, 0, 0, 0, 0, 0, 0, 0, 0, 0, 0, 0, 0, 0, 0, 0, 0, 0, 0, 0, 0, 0, 0, 0, 0, 0, 0, 0, 0, 0, 0, 0),
('Chain Vest', '<stats>+40 Armor</stats>', 0, 0, 0, 0, 0, 0, 0, 0, 0, 0, 0, 0, 40, 0, 0, 0, 0, 0, 0, 0, 0, 0, 0, 0, 0, 0, 0, 0, 0, 0, 0, 0, 0, 0, 0, 0, 0, 0, 0, 0, 0, 0, 0, 0, 0, 0, 0, 0, 0, 0, 0, 0, 0, 0, 0, 0, 0, 0, 0, 0, 0, 0, 0, 0),
('Chalice of Harmony', '<stats>+25 Magic Resist<br><mana>+50% Base Mana Regen </mana></stats><br><br><unique>UNIQUE Passive - Harmony:</unique> Grants bonus % Base Health Regen equal to your bonus % Base Mana Regen.</unique>', 0, 0, 0, 0, 0, 0, 0, 0, 0, 0, 0, 0, 0, 0, 0, 0, 0, 0, 0, 0, 0, 0, 0, 0, 0, 0, 0, 0, 0, 0, 0, 0, 0, 0, 0, 0, 0, 0, 0, 0, 0, 0, 25, 0, 0, 0, 0, 0, 0, 0, 0, 0, 0, 0, 0, 0, 0, 0, 0, 0, 0, 0, 0, 0),
('Cloak of Agility', '<stats>+20% Critical Strike Chance</stats>', 0, 0, 0, 0, 0, 0, 0, 0, 0, 0, 0, 0, 0, 0, 0, 0, 0, 0, 0, 0, 0, 0, 0, 0, 0, 0, 0, 0, 0, 0, 0, 0, 0, 0, 0.2, 0, 0, 0, 0, 0, 0, 0, 0, 0, 0, 0, 0, 0, 0, 0, 0, 0, 0, 0, 0, 0, 0, 0, 0, 0, 0, 0, 0, 0),
('Cloth Armor', '<stats>+15 Armor</stats>', 0, 0, 0, 0, 0, 0, 0, 0, 0, 0, 0, 0, 15, 0, 0, 0, 0, 0, 0, 0, 0, 0, 0, 0, 0, 0, 0, 0, 0, 0, 0, 0, 0, 0, 0, 0, 0, 0, 0, 0, 0, 0, 0, 0, 0, 0, 0, 0, 0, 0, 0, 0, 0, 0, 0, 0, 0, 0, 0, 0, 0, 0, 0, 0),
('Crystalline Bracer', '<stats>+200 Health<br>+50% Base Health Regen </stats>', 200, 0, 0, 0, 0, 0, 0, 0, 0, 0, 0, 0, 0, 0, 0, 0, 0, 0, 0, 0, 0, 0, 0, 0, 0, 0, 0, 0, 0, 0, 0, 0, 0, 0, 0, 0, 0, 0, 0, 0, 0, 0, 0, 0, 0, 0, 0, 0, 0, 0, 0, 0, 0, 0, 0, 0, 0, 0, 0, 0, 0, 0, 0, 0),
('Cull', '<stats>+7 Attack Damage<br>+3 Life on Hit</stats><br><br><unique>UNIQUE Passive:</unique> Killing a lane minion grants 1 additional Gold. Killing 100 lane minions grants an additional 350 bonus gold immediately and disables this passive.', 0, 0, 0, 0, 0, 0, 0, 0, 0, 0, 0, 0, 0, 0, 0, 0, 0, 0, 7, 0, 0, 0, 0, 0, 0, 0, 0, 0, 0, 0, 0, 0, 0, 0, 0, 0, 0, 0, 0, 0, 0, 0, 0, 0, 0, 0, 0, 0, 0, 0, 0, 0, 0, 0, 0, 0, 0, 0, 0, 0, 0, 0, 0, 0),
('Dagger', '<stats>+12% Attack Speed</stats>', 0, 0, 0, 0, 0, 0, 0, 0, 0, 0, 0, 0, 0, 0, 0, 0, 0, 0, 0, 0, 0, 0, 0, 0, 0, 0, 0, 0, 0, 0.12, 0, 0, 0, 0, 0, 0, 0, 0, 0, 0, 0, 0, 0, 0, 0, 0, 0, 0, 0, 0, 0, 0, 0, 0, 0, 0, 0, 0, 0, 0, 0, 0, 0, 0),
('Dervish Blade', '<stats>+50% Attack Speed<br>+45 Magic Resist<br>+10% Cooldown Reduction</stats><br><br><active>UNIQUE Active - Quicksilver:</active> Removes all debuffs, and if the champion is melee, also grants +50% bonus Movement Speed for 1 second (90 second cooldown).', 0, 0, 0, 0, 0, 0, 0, 0, 0, 0, 0, 0, 0, 0, 0, 0, 0, 0, 0, 0, 0, 0, 0, 0, 0, 0, 0, 0, 0, 0.5, 0, 0, 0, 0, 0, 0, 0, 0, 0, 0, 0, 0, 45, 0, 0, 0, 0, 0, 0, 0, 0, 0, 0, 0, 0, 0, 0, 0, 0, 0, 0, 0, 0, 0),
('Diet Poro-Snax', 'All the flavor of regular Poro-Snax, without the calories! Keeps your Poro happy AND healthy.<br><br><consumable>Click to Consume:</consumable> Gives your Poros a delicious healthy treat.', 0, 0, 0, 0, 0, 0, 0, 0, 0, 0, 0, 0, 0, 0, 0, 0, 0, 0, 0, 0, 0, 0, 0, 0, 0, 0, 0, 0, 0, 0, 0, 0, 0, 0, 0, 0, 0, 0, 0, 0, 0, 0, 0, 0, 0, 0, 0, 0, 0, 0, 0, 0, 0, 0, 0, 0, 0, 0, 0, 0, 0, 0, 0, 0),
('Enchantment: Cinderhulk', '<stats>+400 Health<br>+15% Bonus Health</stats><br><br><unique>UNIQUE Passive - Immolate:</unique> Deals 7 (+2 per champion level) magic damage a second to nearby enemies while in combat. Deals 100% bonus damage to monsters. ', 400, 0, 0, 0, 0, 0, 0, 0, 0, 0, 0, 0, 0, 0, 0, 0, 0, 0, 0, 0, 0, 0, 0, 0, 0, 0, 0, 0, 0, 0, 0, 0, 0, 0, 0, 0, 0, 0, 0, 0, 0, 0, 0, 0, 0, 0, 0, 0, 0, 0, 0, 0, 0, 0, 0, 0, 0, 0, 0, 0, 0, 0, 0, 0),
('Enchantment: Runic Echoes', '<stats>+60 Ability Power<br>+7% Movement Speed</stats><br><br><unique>UNIQUE Passive - Echo:</unique> Gain charges upon moving or casting. At 100 charges, the next damaging spell hit expends all charges to deal 60 (+10% of Ability Power) bonus magic damage to up to 4 targets on hit.<br><br>This effect deals 250% damage to Large Monsters. Hitting a Large Monster with this effect will restore 18% of your missing Mana.', 0, 0, 0, 0, 0, 0, 0, 0, 0, 0, 0, 0, 0, 0, 0, 0, 0, 0, 0, 0, 0, 60, 0, 0, 0, 0, 0.07, 0, 0, 0, 0, 0, 0, 0, 0, 0, 0, 0, 0, 0, 0, 0, 0, 0, 0, 0, 0, 0, 0, 0, 0, 0, 0, 0, 0, 0, 0, 0, 0, 0, 0, 0, 0, 0),
('Enchantment: Warrior', '<stats>+60 Attack Damage<br>+10% Cooldown Reduction</stats>', 0, 0, 0, 0, 0, 0, 0, 0, 0, 0, 0, 0, 0, 0, 0, 0, 0, 0, 60, 0, 0, 0, 0, 0, 0, 0, 0, 0, 0, 0, 0, 0, 0, 0, 0, 0, 0, 0, 0, 0, 0, 0, 0, 0, 0, 0, 0, 0, 0, 0, 0, 0, 0, 0, 0, 0, 0, 0, 0, 0, 0, 0, 0, 0),
('Essence Reaver', '<stats>+70 Attack Damage<br>+20% Critical Strike Chance</stats><br><br><unique>UNIQUE Passive:</unique> +10% Cooldown Reduction<br><unique>UNIQUE Passive:</unique> Gain increasingly more Cooldown Reduction from Critical Strike Chance provided by other sources (maximum +20% additional Cooldown Reduction at 30% Critical Strike Chance).<br><unique>UNIQUE Passive:</unique> Critical strikes restore 3% of your maximum Mana pool.', 0, 0, 0, 0, 0, 0, 0, 0, 0, 0, 0, 0, 0, 0, 0, 0, 0, 0, 70, 0, 0, 0, 0, 0, 0, 0, 0, 0, 0, 0, 0, 0, 0, 0, 0.2, 0, 0, 0, 0, 0, 0, 0, 0, 0, 0, 0, 0, 0, 0, 0, 0, 0, 0, 0, 0, 0, 0, 0, 0, 0, 0, 0, 0, 0),
('Face of the Mountain', '<stats>+450 Health<br>+100% Base Health Regen <br>+10% Cooldown Reduction<br>+2 Gold per 10 seconds </stats><br><br><unique>UNIQUE Passive - Spoils of War:</unique> Melee basic attacks execute minions below 320 (+20 per level) Health. Killing a minion heals the owner and the nearest allied champion for 50 Health and grants them kill Gold. These effects require a nearby ally. Recharges every 30 seconds. Max 4 charges.<br><unique>UNIQUE Active:</unique> Grant a shield to you and an ally equal to 10% of your maximum Health for 4 seconds. After 4 seconds, the shields explode to slow nearby enemies', 450, 0, 0, 0, 0, 0, 0, 0, 0, 0, 0, 0, 0, 0, 0, 0, 0, 0, 0, 0, 0, 0, 0, 0, 0, 0, 0, 0, 0, 0, 0, 0, 0, 0, 0, 0, 0, 0, 0, 0, 0, 0, 0, 0, 0, 0, 0, 0, 0, 0, 0, 0, 0, 0, 0, 0, 0, 0, 0, 0, 0, 0, 0, 0),
('Faerie Charm', '<stats><mana>+25% Base Mana Regen </mana></stats>', 0, 0, 0, 0, 0, 0, 0, 0, 0, 0, 0, 0, 0, 0, 0, 0, 0, 0, 0, 0, 0, 0, 0, 0, 0, 0, 0, 0, 0, 0, 0, 0, 0, 0, 0, 0, 0, 0, 0, 0, 0, 0, 0, 0, 0, 0, 0, 0, 0, 0, 0, 0, 0, 0, 0, 0, 0, 0, 0, 0, 0, 0, 0, 0),
('Fiendish Codex', '<stats>+30 Ability Power</stats><br><br><unique>UNIQUE Passive:</unique> +10% Cooldown Reduction', 0, 0, 0, 0, 0, 0, 0, 0, 0, 0, 0, 0, 0, 0, 0, 0, 0, 0, 0, 0, 0, 30, 0, 0, 0, 0, 0, 0, 0, 0, 0, 0, 0, 0, 0, 0, 0, 0, 0, 0, 0, 0, 0, 0, 0, 0, 0, 0, 0, 0, 0, 0, 0, 0, 0, 0, 0, 0, 0, 0, 0, 0, 0, 0),
('Fire at Will', 'Requires 500 Silver Serpents.<br><br><unique>UNIQUE Passive:</unique> Cannon Barrage fires at an increasing rate over time (additional 6 waves over the duration).', 0, 0, 0, 0, 0, 0, 0, 0, 0, 0, 0, 0, 0, 0, 0, 0, 0, 0, 0, 0, 0, 0, 0, 0, 0, 0, 0, 0, 0, 0, 0, 0, 0, 0, 0, 0, 0, 0, 0, 0, 0, 0, 0, 0, 0, 0, 0, 0, 0, 0, 0, 0, 0, 0, 0, 0, 0, 0, 0, 0, 0, 0, 0, 0),
('Forbidden Idol', '<stats><mana>+50% Base Mana Regen </mana></stats><br><br><unique>UNIQUE Passive:</unique> +10% Cooldown Reduction<br><unique>UNIQUE Passive:</unique> +8% Heal and Shield Power', 0, 0, 0, 0, 0, 0, 0, 0, 0, 0, 0, 0, 0, 0, 0, 0, 0, 0, 0, 0, 0, 0, 0, 0, 0, 0, 0, 0, 0, 0, 0, 0, 0, 0, 0, 0, 0, 0, 0, 0, 0, 0, 0, 0, 0, 0, 0, 0, 0, 0, 0, 0, 0, 0, 0, 0, 0, 0, 0, 0, 0, 0, 0, 0),
('Frostfang', '<stats>+15 Ability Power<br>+2 Gold per 10 seconds<br><mana>+75% Base Mana Regen </mana></stats><br><br><unique>UNIQUE Passive - Tribute:</unique> Spells and basic attacks against champions or buildings deal 15 additional damage and grant 15 Gold. This can occur up to 3 times every 30 seconds. Killing a minion disables this passive for 12 seconds.<br><br><groupLimit>Limited to 1 Gold Income Item.</groupLimit>', 0, 0, 0, 0, 0, 0, 0, 0, 0, 0, 0, 0, 0, 0, 0, 0, 0, 0, 0, 0, 0, 15, 0, 0, 0, 0, 0, 0, 0, 0, 0, 0, 0, 0, 0, 0, 0, 0, 0, 0, 0, 0, 0, 0, 0, 0, 0, 0, 0, 0, 0, 0, 0, 0, 0, 0, 0, 0, 0, 0, 0, 0, 0, 0),
('Frozen Heart', '<stats>+90 Armor<br>+20% Cooldown Reduction<br><mana>+400 Mana</mana></stats><br><br><aura>UNIQUE Aura:</aura> Reduces the Attack Speed of nearby enemies by 15%.', 0, 0, 400, 0, 0, 0, 0, 0, 0, 0, 0, 0, 90, 0, 0, 0, 0, 0, 0, 0, 0, 0, 0, 0, 0, 0, 0, 0, 0, 0, 0, 0, 0, 0, 0, 0, 0, 0, 0, 0, 0, 0, 0, 0, 0, 0, 0, 0, 0, 0, 0, 0, 0, 0, 0, 0, 0, 0, 0, 0, 0, 0, 0, 0),
('Glacial Shroud', '<stats>+25 Armor<br><mana>+250 Mana</mana></stats><br><br><unique>UNIQUE Passive:</unique> +10% Cooldown Reduction', 0, 0, 250, 0, 0, 0, 0, 0, 0, 0, 0, 0, 25, 0, 0, 0, 0, 0, 0, 0, 0, 0, 0, 0, 0, 0, 0, 0, 0, 0, 0, 0, 0, 0, 0, 0, 0, 0, 0, 0, 0, 0, 0, 0, 0, 0, 0, 0, 0, 0, 0, 0, 0, 0, 0, 0, 0, 0, 0, 0, 0, 0, 0, 0),
('Guardian Angel', '<stats>+60 Armor<br>+45 Magic Resist</stats><br><br><unique>UNIQUE Passive:</unique> Upon taking lethal damage, restores the greater of 700 Health or 30% of maximum Health and 30% of maximum Mana after 4 seconds of stasis (300 second cooldown).', 0, 0, 0, 0, 0, 0, 0, 0, 0, 0, 0, 0, 60, 0, 0, 0, 0, 0, 0, 0, 0, 0, 0, 0, 0, 0, 0, 0, 0, 0, 0, 0, 0, 0, 0, 0, 0, 0, 0, 0, 0, 0, 45, 0, 0, 0, 0, 0, 0, 0, 0, 0, 0, 0, 0, 0, 0, 0, 0, 0, 0, 0, 0, 0),
('Health Potion', '<groupLimit>Limited to 5 at one time. Limited to 1 type of Healing Potion.</groupLimit><br><br><consumable>Click to Consume:</consumable> Restores 150 Health over 15 seconds.', 0, 0, 0, 0, 0, 0, 0, 0, 0, 0, 0, 0, 0, 0, 0, 0, 0, 0, 0, 0, 0, 0, 0, 0, 0, 0, 0, 0, 0, 0, 0, 0, 0, 0, 0, 0, 0, 0, 0, 0, 0, 0, 0, 0, 0, 0, 0, 0, 0, 0, 0, 0, 0, 0, 0, 0, 0, 0, 0, 0, 0, 0, 0, 0),
('Hexdrinker', '<stats>+20 Attack Damage<br>+35 Magic Resist</stats><br><br><unique>UNIQUE Passive - Lifeline:</unique> Upon taking magic damage that would reduce Health below 30%, grants a shield that absorbs 110 to 280 (based on level) magic damage for 5 seconds (90 second cooldown).', 0, 0, 0, 0, 0, 0, 0, 0, 0, 0, 0, 0, 0, 0, 0, 0, 0, 0, 20, 0, 0, 0, 0, 0, 0, 0, 0, 0, 0, 0, 0, 0, 0, 0, 0, 0, 0, 0, 0, 0, 0, 0, 35, 0, 0, 0, 0, 0, 0, 0, 0, 0, 0, 0, 0, 0, 0, 0, 0, 0, 0, 0, 0, 0),
('Iceborn Gauntlet', '<stats>+65 Armor<br>+20% Cooldown Reduction<br><mana>+500 Mana</mana></stats><br><br><unique>UNIQUE Passive - Spellblade:</unique> After using an ability, the next basic attack deals bonus physical damage equal to 100% of base Attack Damage in an area and creates an icy zone for 2 seconds that slows Movement Speed by 30% (1.5 second cooldown).<br><br>Size of zone increases with bonus armor.', 0, 0, 500, 0, 0, 0, 0, 0, 0, 0, 0, 0, 65, 0, 0, 0, 0, 0, 0, 0, 0, 0, 0, 0, 0, 0, 0, 0, 0, 0, 0, 0, 0, 0, 0, 0, 0, 0, 0, 0, 0, 0, 0, 0, 0, 0, 0, 0, 0, 0, 0, 0, 0, 0, 0, 0, 0, 0, 0, 0, 0, 0, 0, 0),
('Infinity Edge', '<stats>+70 Attack Damage<br>+20% Critical Strike Chance</stats><br><br><unique>UNIQUE Passive:</unique> Critical strike bonus damage is increased by 50%.', 0, 0, 0, 0, 0, 0, 0, 0, 0, 0, 0, 0, 0, 0, 0, 0, 0, 0, 70, 0, 0, 0, 0, 0, 0, 0, 0, 0, 0, 0, 0, 0, 0, 0, 0.2, 0, 0, 0, 0, 0, 0, 0, 0, 0, 0, 0, 0, 0, 0, 0, 0, 0, 0, 0, 0, 0, 0, 0, 0, 0, 0, 0, 0, 0),
('Kindlegem', '<stats>+200 Health  </stats><br><br><unique>UNIQUE Passive:</unique> +10% Cooldown Reduction', 200, 0, 0, 0, 0, 0, 0, 0, 0, 0, 0, 0, 0, 0, 0, 0, 0, 0, 0, 0, 0, 0, 0, 0, 0, 0, 0, 0, 0, 0, 0, 0, 0, 0, 0, 0, 0, 0, 0, 0, 0, 0, 0, 0, 0, 0, 0, 0, 0, 0, 0, 0, 0, 0, 0, 0, 0, 0, 0, 0, 0, 0, 0, 0),
('Lich Bane', '<stats>+80 Ability Power<br>+7% Movement Speed<br>+10% Cooldown Reduction<br><mana>+250 Mana</mana></stats><br><br><unique>UNIQUE Passive - Spellblade:</unique> After using an ability, the next basic attack deals 75% Base Attack Damage (+50% of Ability Power) bonus magic damage on hit (1.5 second cooldown).', 0, 0, 250, 0, 0, 0, 0, 0, 0, 0, 0, 0, 0, 0, 0, 0, 0, 0, 0, 0, 0, 80, 0, 0, 0, 0, 0.07, 0, 0, 0, 0, 0, 0, 0, 0, 0, 0, 0, 0, 0, 0, 0, 0, 0, 0, 0, 0, 0, 0, 0, 0, 0, 0, 0, 0, 0, 0, 0, 0, 0, 0, 0, 0, 0),
('Locket of the Iron Solari', '<stats>+30 Armor<br>+60 Magic Resist</stats><br><br><active>UNIQUE Active:</active> Grants a decaying shield to nearby allies for 2.5 seconds that absorbs up to 35 (+35 per level) damage (90 second cooldown).<br><br><rules>(Half effect if the target has been affected by another Locket of the Iron Solari recently.)</rules>', 0, 0, 0, 0, 0, 0, 0, 0, 0, 0, 0, 0, 30, 0, 0, 0, 0, 0, 0, 0, 0, 0, 0, 0, 0, 0, 0, 0, 0, 0, 0, 0, 0, 0, 0, 0, 0, 0, 0, 0, 0, 0, 60, 0, 0, 0, 0, 0, 0, 0, 0, 0, 0, 0, 0, 0, 0, 0, 0, 0, 0, 0, 0, 0),
('Long Sword', '<stats>+10 Attack Damage</stats>', 0, 0, 0, 0, 0, 0, 0, 0, 0, 0, 0, 0, 0, 0, 0, 0, 0, 0, 10, 0, 0, 0, 0, 0, 0, 0, 0, 0, 0, 0, 0, 0, 0, 0, 0, 0, 0, 0, 0, 0, 0, 0, 0, 0, 0, 0, 0, 0, 0, 0, 0, 0, 0, 0, 0, 0, 0, 0, 0, 0, 0, 0, 0, 0),
('Lost Chapter', '<stats>+25 Ability Power<br><mana>+300 Mana</mana></stats><br><br><unique>UNIQUE Passive:</unique> Upon levelling up, restores 20% of your maximum Mana over 3 seconds.', 0, 0, 300, 0, 0, 0, 0, 0, 0, 0, 0, 0, 0, 0, 0, 0, 0, 0, 0, 0, 0, 25, 0, 0, 0, 0, 0, 0, 0, 0, 0, 0, 0, 0, 0, 0, 0, 0, 0, 0, 0, 0, 0, 0, 0, 0, 0, 0, 0, 0, 0, 0, 0, 0, 0, 0, 0, 0, 0, 0, 0, 0, 0, 0),
('Manamune', '<stats>+25 Attack Damage<br><mana>+250 Mana</mana></stats><br><br><mana><unique>UNIQUE Passive - Awe:</unique> Grants bonus Attack Damage equal to 2% of maximum Mana. Refunds 15% of Mana spent.<br><unique>UNIQUE Passive - Mana Charge:</unique> Grants +4 maximum Mana (max +750 Mana) for each basic attack, spell cast or Mana expenditure (occurs up to 2 times every 8 seconds).<br><br>Transforms into Muramana at +750 Mana.</mana>', 0, 0, 250, 0, 0, 0, 0, 0, 0, 0, 0, 0, 0, 0, 0, 0, 0, 0, 25, 0, 0, 0, 0, 0, 0, 0, 0, 0, 0, 0, 0, 0, 0, 0, 0, 0, 0, 0, 0, 0, 0, 0, 0, 0, 0, 0, 0, 0, 0, 0, 0, 0, 0, 0, 0, 0, 0, 0, 0, 0, 0, 0, 0, 0),
('Manamune (Quick Charge)', '<stats>+25 Attack Damage<br><mana>+250 Mana</mana></stats><br><br><mana><unique>UNIQUE Passive - Awe:</unique> Grants bonus Attack Damage equal to 2% of maximum Mana. Refunds 15% of Mana spent.<br><unique>UNIQUE Passive - Mana Charge:</unique> Grants +6 maximum Mana (max +750 Mana) for each basic attack, spell cast or Mana expenditure (occurs up to 2 times every 8 seconds).<br><br>Transforms into Muramana at +750 Mana.</mana>', 0, 0, 250, 0, 0, 0, 0, 0, 0, 0, 0, 0, 0, 0, 0, 0, 0, 0, 25, 0, 0, 0, 0, 0, 0, 0, 0, 0, 0, 0, 0, 0, 0, 0, 0, 0, 0, 0, 0, 0, 0, 0, 0, 0, 0, 0, 0, 0, 0, 0, 0, 0, 0, 0, 0, 0, 0, 0, 0, 0, 0, 0, 0, 0),
('Maw of Malmortius', '<stats>+50 Attack Damage<br>+45 Magic Resist<br>+10% Cooldown Reduction</stats><br><br><unique>UNIQUE Passive - Lifeline:</unique> Upon taking magic damage that would reduce Health below 30%, grants a shield that absorbs magic damage equal to 300 + 1 per bonus Magic Resistance for 5 seconds (90 second cooldown).<br><unlockedPassive>Lifegrip:</unlockedPassive> When <i>Lifeline</i> triggers, gain +20 Attack Damage, +10% Spell Vamp and +10% Life Steal until out of combat.', 0, 0, 0, 0, 0, 0, 0, 0, 0, 0, 0, 0, 0, 0, 0, 0, 0, 0, 50, 0, 0, 0, 0, 0, 0, 0, 0, 0, 0, 0, 0, 0, 0, 0, 0, 0, 0, 0, 0, 0, 0, 0, 45, 0, 0, 0, 0, 0, 0, 0, 0, 0, 0, 0, 0, 0, 0, 0, 0, 0, 0, 0, 0, 0),
('Mercurial Scimitar', '<stats>+65 Attack Damage<br>+35 Magic Resist<br>+10% Life Steal</stats><br><br><active>UNIQUE Active - Quicksilver:</active> Removes all crowd control debuffs and also grants +50% bonus Movement Speed for 1 second (90 second cooldown).', 0, 0, 0, 0, 0, 0, 0, 0, 0, 0, 0, 0, 0, 0, 0, 0, 0, 0, 65, 0, 0, 0, 0, 0, 0, 0, 0, 0, 0, 0, 0, 0, 0, 0, 0, 0, 0, 0, 0, 0, 0, 0, 35, 0, 0, 0, 0, 0, 0, 0, 0, 0, 0, 0, 0, 0, 0, 0, 0, 0, 0, 0, 0.1, 0),
('Moonflair Spellblade', '<stats>+50 Ability Power<br>+50 Armor<br>+50 Magic Resist</stats><br><br><unique>UNIQUE Passive - Tenacity:</unique> Reduces the duration of stuns, slows, taunts, fears, silences, blinds, polymorphs, and immobilizes by 35%.', 0, 0, 0, 0, 0, 0, 0, 0, 0, 0, 0, 0, 50, 0, 0, 0, 0, 0, 0, 0, 0, 50, 0, 0, 0, 0, 0, 0, 0, 0, 0, 0, 0, 0, 0, 0, 0, 0, 0, 0, 0, 0, 50, 0, 0, 0, 0, 0, 0, 0, 0, 0, 0, 0, 0, 0, 0, 0, 0, 0, 0, 0, 0, 0),
('Needlessly Large Rod', '<stats>+60 Ability Power</stats>', 0, 0, 0, 0, 0, 0, 0, 0, 0, 0, 0, 0, 0, 0, 0, 0, 0, 0, 0, 0, 0, 60, 0, 0, 0, 0, 0, 0, 0, 0, 0, 0, 0, 0, 0, 0, 0, 0, 0, 0, 0, 0, 0, 0, 0, 0, 0, 0, 0, 0, 0, 0, 0, 0, 0, 0, 0, 0, 0, 0, 0, 0, 0, 0),
('Negatron Cloak', '<stats>+40 Magic Resist</stats>', 0, 0, 0, 0, 0, 0, 0, 0, 0, 0, 0, 0, 0, 0, 0, 0, 0, 0, 0, 0, 0, 0, 0, 0, 0, 0, 0, 0, 0, 0, 0, 0, 0, 0, 0, 0, 0, 0, 0, 0, 0, 0, 40, 0, 0, 0, 0, 0, 0, 0, 0, 0, 0, 0, 0, 0, 0, 0, 0, 0, 0, 0, 0, 0),
('Nexus Siege: Siege Weapon Slot', 'In Nexus Siege, Summoner Spells are replaced with Siege Weapon Slots. Spend Crystal Shards to buy single-use Siege Weapons from the item shop, then use your Summoner Spell keys to activate them!', 0, 0, 0, 0, 0, 0, 0, 0, 0, 0, 0, 0, 0, 0, 0, 0, 0, 0, 0, 0, 0, 0, 0, 0, 0, 0, 0, 0, 0, 0, 0, 0, 0, 0, 0, 0, 0, 0, 0, 0, 0, 0, 0, 0, 0, 0, 0, 0, 0, 0, 0, 0, 0, 0, 0, 0, 0, 0, 0, 0, 0, 0, 0, 0),
('Ninja Tabi', '<stats>+30 Armor</stats><br><br><unique>UNIQUE Passive:</unique> Blocks 12% of the damage from basic attacks.<br><unique>UNIQUE Passive - Enhanced Movement:</unique> +45 Movement Speed', 0, 0, 0, 0, 0, 0, 0, 0, 0, 0, 0, 0, 30, 0, 0, 0, 0, 0, 0, 0, 0, 0, 0, 0, 45, 0, 0, 0, 0, 0, 0, 0, 0, 0, 0, 0, 0, 0, 0, 0, 0, 0, 0, 0, 0, 0, 0, 0, 0, 0, 0, 0, 0, 0, 0, 0, 0, 0, 0, 0, 0, 0, 0, 0),
('Null-Magic Mantle', '<stats>+25 Magic Resist</stats>', 0, 0, 0, 0, 0, 0, 0, 0, 0, 0, 0, 0, 0, 0, 0, 0, 0, 0, 0, 0, 0, 0, 0, 0, 0, 0, 0, 0, 0, 0, 0, 0, 0, 0, 0, 0, 0, 0, 0, 0, 0, 0, 25, 0, 0, 0, 0, 0, 0, 0, 0, 0, 0, 0, 0, 0, 0, 0, 0, 0, 0, 0, 0, 0),
('Ohmwrecker', '<stats>+300 Health<br>+50 Armor<br>+150% Base Health Regen <br>+10% Cooldown Reduction</stats><br><br><active>UNIQUE Active:</active> Prevents nearby enemy turrets from attacking for 3 seconds (120 second cooldown). This effect cannot be used against the same turret more than once every 8 seconds.<br><br><unique>UNIQUE Passive - Point Runner:</unique> Builds up to +20% Movement Speed over 2 seconds while near turrets (including fallen turrets) and Void Gates.', 300, 0, 0, 0, 0, 0, 0, 0, 0, 0, 0, 0, 50, 0, 0, 0, 0, 0, 0, 0, 0, 0, 0, 0, 0, 0, 0, 0, 0, 0, 0, 0, 0, 0, 0, 0, 0, 0, 0, 0, 0, 0, 0, 0, 0, 0, 0, 0, 0, 0, 0, 0, 0, 0, 0, 0, 0, 0, 0, 0, 0, 0, 0, 0),
('Perfect Hex Core', '<stats>+10 Ability Power per level<br>+25 Mana per level</stats><br><br><unique>UNIQUE Passive - Glorious Evolution:</unique> Viktor has reached the pinnacle of his power, upgrading Chaos Storm in addition to his basic spells.', 0, 0, 0, 0, 0, 0, 0, 0, 0, 0, 0, 0, 0, 0, 0, 0, 0, 0, 0, 0, 0, 0, 0, 0, 0, 0, 0, 0, 0, 0, 0, 0, 0, 0, 0, 0, 0, 0, 0, 0, 0, 0, 0, 0, 0, 0, 0, 0, 0, 0, 0, 0, 0, 0, 0, 0, 0, 0, 0, 0, 0, 0, 0, 0),
('Phage', '<stats>+200 Health<br>+15 Attack Damage</stats><br><br><unique>UNIQUE Passive - Rage:</unique> Basic attacks grant 20 Movement Speed for 2 seconds. Kills grant 60 Movement Speed instead. This Movement Speed bonus is halved for ranged champions.', 200, 0, 0, 0, 0, 0, 0, 0, 0, 0, 0, 0, 0, 0, 0, 0, 0, 0, 15, 0, 0, 0, 0, 0, 0, 0, 0, 0, 0, 0, 0, 0, 0, 0, 0, 0, 0, 0, 0, 0, 0, 0, 0, 0, 0, 0, 0, 0, 0, 0, 0, 0, 0, 0, 0, 0, 0, 0, 0, 0, 0, 0, 0, 0),
('Phantom Dancer', '<stats>+45% Attack Speed<br>+30% Critical Strike Chance<br>+5% Movement Speed</stats><br><br><unique>UNIQUE Passive - Spectral Waltz:</unique> While within 550 units of an enemy champion you can see, +7% Movement Speed and you can move through units.<br><unique>UNIQUE Passive - Lament:</unique> The last champion hit deals 12% less damage to you (ends after 10 seconds of not hitting).', 0, 0, 0, 0, 0, 0, 0, 0, 0, 0, 0, 0, 0, 0, 0, 0, 0, 0, 0, 0, 0, 0, 0, 0, 0, 0, 0.05, 0, 0, 0.45, 0, 0, 0, 0, 0.3, 0, 0, 0, 0, 0, 0, 0, 0, 0, 0, 0, 0, 0, 0, 0, 0, 0, 0, 0, 0, 0, 0, 0, 0, 0, 0, 0, 0, 0),
('Pickaxe', '<stats>+25 Attack Damage</stats>', 0, 0, 0, 0, 0, 0, 0, 0, 0, 0, 0, 0, 0, 0, 0, 0, 0, 0, 25, 0, 0, 0, 0, 0, 0, 0, 0, 0, 0, 0, 0, 0, 0, 0, 0, 0, 0, 0, 0, 0, 0, 0, 0, 0, 0, 0, 0, 0, 0, 0, 0, 0, 0, 0, 0, 0, 0, 0, 0, 0, 0, 0, 0, 0),
('Poro-Snax', 'This savory blend of free-range, grass-fed Avarosan game hens and organic, non-ZMO Freljordian herbs contains the essential nutrients necessary to keep your Poro purring with pleasure.<br><br><i>All proceeds will be donated towards fighting Noxian animal cruelty.</i>', 0, 0, 0, 0, 0, 0, 0, 0, 0, 0, 0, 0, 0, 0, 0, 0, 0, 0, 0, 0, 0, 0, 0, 0, 0, 0, 0, 0, 0, 0, 0, 0, 0, 0, 0, 0, 0, 0, 0, 0, 0, 0, 0, 0, 0, 0, 0, 0, 0, 0, 0, 0, 0, 0, 0, 0, 0, 0, 0, 0, 0, 0, 0, 0),
('Quicksilver Sash', '<stats>+30 Magic Resist</stats><br><br><active>UNIQUE Active - Quicksilver:</active> Removes all crowd control debuffs (90 second cooldown).', 0, 0, 0, 0, 0, 0, 0, 0, 0, 0, 0, 0, 0, 0, 0, 0, 0, 0, 0, 0, 0, 0, 0, 0, 0, 0, 0, 0, 0, 0, 0, 0, 0, 0, 0, 0, 0, 0, 0, 0, 0, 0, 30, 0, 0, 0, 0, 0, 0, 0, 0, 0, 0, 0, 0, 0, 0, 0, 0, 0, 0, 0, 0, 0),
('Raise Morale', 'Requires 500 Silver Serpents.<br><br><unique>UNIQUE Passive:</unique> Allies in the Cannon Barrage gain 30% Movement Speed for 2 seconds.', 0, 0, 0, 0, 0, 0, 0, 0, 0, 0, 0, 0, 0, 0, 0, 0, 0, 0, 0, 0, 0, 0, 0, 0, 0, 0, 0, 0, 0, 0, 0, 0, 0, 0, 0, 0, 0, 0, 0, 0, 0, 0, 0, 0, 0, 0, 0, 0, 0, 0, 0, 0, 0, 0, 0, 0, 0, 0, 0, 0, 0, 0, 0, 0),
('Raptor Cloak', '<stats>+40 Armor<br>+125% Base Health Regen </stats><br><br><unique>UNIQUE Passive - Point Runner:</unique> Builds up to +20% Movement Speed over 2 seconds while near turrets, fallen turrets and Void Gates.', 0, 0, 0, 0, 0, 0, 0, 0, 0, 0, 0, 0, 40, 0, 0, 0, 0, 0, 0, 0, 0, 0, 0, 0, 0, 0, 0, 0, 0, 0, 0, 0, 0, 0, 0, 0, 0, 0, 0, 0, 0, 0, 0, 0, 0, 0, 0, 0, 0, 0, 0, 0, 0, 0, 0, 0, 0, 0, 0, 0, 0, 0, 0, 0),
('Ravenous Hydra', '<stats>+75 Attack Damage<br>+100% Base Health Regen <br>+12% Life Steal</stats><br><br><passive>Passive:</passive> 50% of total Life Steal applies to damage dealt by this item.<br><unique>UNIQUE Passive - Cleave:</unique> Basic attacks deal 20% to 60% of total Attack Damage as bonus physical damage to enemies near the target on hit (enemies closest to the target take the most damage).<br><active>UNIQUE Active - Crescent:</active> Deals 60% to 100% of total Attack Damage as physical damage to nearby enemy units (closest enemies take the most damage) (10 second cooldown).', 0, 0, 0, 0, 0, 0, 0, 0, 0, 0, 0, 0, 0, 0, 0, 0, 0, 0, 75, 0, 0, 0, 0, 0, 0, 0, 0, 0, 0, 0, 0, 0, 0, 0, 0, 0, 0, 0, 0, 0, 0, 0, 0, 0, 0, 0, 0, 0, 0, 0, 0, 0, 0, 0, 0, 0, 0, 0, 0, 0, 0, 0, 0.12, 0),
('Recurve Bow', '<stats>+25% Attack Speed</stats><br><br><unique>UNIQUE Passive:</unique> Basic attacks deal an additional 15 physical damage on hit.', 0, 0, 0, 0, 0, 0, 0, 0, 0, 0, 0, 0, 0, 0, 0, 0, 0, 0, 0, 0, 0, 0, 0, 0, 0, 0, 0, 0, 0, 0.25, 0, 0, 0, 0, 0, 0, 0, 0, 0, 0, 0, 0, 0, 0, 0, 0, 0, 0, 0, 0, 0, 0, 0, 0, 0, 0, 0, 0, 0, 0, 0, 0, 0, 0),
('Refillable Potion', '<groupLimit>Limited to 1 type of Healing Potion.</groupLimit><br><br><active>UNIQUE Active:</active> Consumes a charge to restore 125 Health over 12 seconds. Holds up to 2 charges and refills upon visiting the shop.', 0, 0, 0, 0, 0, 0, 0, 0, 0, 0, 0, 0, 0, 0, 0, 0, 0, 0, 0, 0, 0, 0, 0, 0, 0, 0, 0, 0, 0, 0, 0, 0, 0, 0, 0, 0, 0, 0, 0, 0, 0, 0, 0, 0, 0, 0, 0, 0, 0, 0, 0, 0, 0, 0, 0, 0, 0, 0, 0, 0, 0, 0, 0, 0),
('Rejuvenation Bead', '<stats>+50% Base Health Regen </stats>', 0, 0, 0, 0, 0, 0, 0, 0, 0, 0, 0, 0, 0, 0, 0, 0, 0, 0, 0, 0, 0, 0, 0, 0, 0, 0, 0, 0, 0, 0, 0, 0, 0, 0, 0, 0, 0, 0, 0, 0, 0, 0, 0, 0, 0, 0, 0, 0, 0, 0, 0, 0, 0, 0, 0, 0, 0, 0, 0, 0, 0, 0, 0, 0),
('Relic Shield', '<stats>+75 Health<br>+2 Gold per 10 seconds </stats><br><br><unique>UNIQUE Passive - Spoils of War:</unique> Melee basic attacks execute minions below 195 (+5 per level) Health. Killing a minion heals the owner and the nearest allied champion for 15 Health and grants them kill Gold.<br><br>These effects require a nearby ally. Recharges every 40 seconds. Max 2 charges. <br><br><groupLimit>Limited to 1 Gold Income Item.</groupLimit>', 75, 0, 0, 0, 0, 0, 0, 0, 0, 0, 0, 0, 0, 0, 0, 0, 0, 0, 0, 0, 0, 0, 0, 0, 0, 0, 0, 0, 0, 0, 0, 0, 0, 0, 0, 0, 0, 0, 0, 0, 0, 0, 0, 0, 0, 0, 0, 0, 0, 0, 0, 0, 0, 0, 0, 0, 0, 0, 0, 0, 0, 0, 0, 0),
('Righteous Glory', '<stats>+500 Health<br><mana>+300 Mana</mana><br>+100% Base Health Regen </stats><br><br><unique>UNIQUE Passive - Eternity:</unique> 15% of damage taken from champions is gained as Mana. Spending Mana restores 20% of the cost as Health, up to 25 per spell cast.  <br><unique>UNIQUE Active:</unique> Grants +75% Movement Speed when moving towards enemies or enemy turrets for 4 seconds. After 3 seconds, a shockwave is emitted, slowing nearby enemy champion Movement Speed by 75% for 2 second(s) (90 second cooldown).<br><br>This effect may be reactivated early to instantly release the shockwave.', 500, 0, 300, 0, 0, 0, 0, 0, 0, 0, 0, 0, 0, 0, 0, 0, 0, 0, 0, 0, 0, 0, 0, 0, 0, 0, 0, 0, 0, 0, 0, 0, 0, 0, 0, 0, 0, 0, 0, 0, 0, 0, 0, 0, 0, 0, 0, 0, 0, 0, 0, 0, 0, 0, 0, 0, 0, 0, 0, 0, 0, 0, 0, 0),
('Rod of Ages', '<stats>+300 Health<br><mana>+300 Mana</mana><br>+60 Ability Power</stats><br><br><passive>Passive:</passive> Grants +20 Health, +10 Mana, and +4 Ability Power per stack (max +200 Health, +100 Mana, and +40 Ability Power). Grants 1 stack per minute (max 10 stacks).<br><unique>UNIQUE Passive - Eternity:</unique> 15% of damage taken from champions is gained as Mana. Spending Mana restores 20% of the cost as Health, up to 25 per spell cast.', 300, 0, 300, 0, 0, 0, 0, 0, 0, 0, 0, 0, 0, 0, 0, 0, 0, 0, 0, 0, 0, 60, 0, 0, 0, 0, 0, 0, 0, 0, 0, 0, 0, 0, 0, 0, 0, 0, 0, 0, 0, 0, 0, 0, 0, 0, 0, 0, 0, 0, 0, 0, 0, 0, 0, 0, 0, 0, 0, 0, 0, 0, 0, 0),
('Rod of Ages (Quick Charge)', '<stats>+300 Health<br><mana>+300 Mana</mana><br>+60 Ability Power</stats><br><br><passive>Passive:</passive> Grants +20 Health, +10 Mana, and +4 Ability Power per stack (max +200 Health, +100 Mana, and +40 Ability Power). Grants 1 stack per 40 seconds (max 10 stacks).<br><unique>UNIQUE Passive - Eternity:</unique> 15% of damage taken from champions is gained as Mana. Spending Mana restores 20% of the cost as Health, up to 25 per spell cast.', 300, 0, 300, 0, 0, 0, 0, 0, 0, 0, 0, 0, 0, 0, 0, 0, 0, 0, 0, 0, 0, 60, 0, 0, 0, 0, 0, 0, 0, 0, 0, 0, 0, 0, 0, 0, 0, 0, 0, 0, 0, 0, 0, 0, 0, 0, 0, 0, 0, 0, 0, 0, 0, 0, 0, 0, 0, 0, 0, 0, 0, 0, 0, 0),
('Ruby Crystal', '<stats>+150 Health</stats>', 150, 0, 0, 0, 0, 0, 0, 0, 0, 0, 0, 0, 0, 0, 0, 0, 0, 0, 0, 0, 0, 0, 0, 0, 0, 0, 0, 0, 0, 0, 0, 0, 0, 0, 0, 0, 0, 0, 0, 0, 0, 0, 0, 0, 0, 0, 0, 0, 0, 0, 0, 0, 0, 0, 0, 0, 0, 0, 0, 0, 0, 0, 0, 0),
('Sanguine Blade', '<stats>+45 Attack Damage<br>+10% Life Steal</stats><br><br><unique>UNIQUE Passive:</unique> Basic attacks grant +6 Attack Damage and +1% Life Steal for 8 seconds on hit (effect stacks up to 5 times).', 0, 0, 0, 0, 0, 0, 0, 0, 0, 0, 0, 0, 0, 0, 0, 0, 0, 0, 45, 0, 0, 0, 0, 0, 0, 0, 0, 0, 0, 0, 0, 0, 0, 0, 0, 0, 0, 0, 0, 0, 0, 0, 0, 0, 0, 0, 0, 0, 0, 0, 0, 0, 0, 0, 0, 0, 0, 0, 0, 0, 0, 0, 0.1, 0),
('Sapphire Crystal', '<stats><mana>+250 Mana</mana></stats>', 0, 0, 250, 0, 0, 0, 0, 0, 0, 0, 0, 0, 0, 0, 0, 0, 0, 0, 0, 0, 0, 0, 0, 0, 0, 0, 0, 0, 0, 0, 0, 0, 0, 0, 0, 0, 0, 0, 0, 0, 0, 0, 0, 0, 0, 0, 0, 0, 0, 0, 0, 0, 0, 0, 0, 0, 0, 0, 0, 0, 0, 0, 0, 0),
('Sheen', '<stats><mana>+250 Mana</mana><br>+10% Cooldown Reduction</stats><br><br><unique>UNIQUE Passive - Spellblade:</unique> After using an ability, the next basic attack deals bonus physical damage equal to 100% base Attack Damage on hit (1.5 second cooldown).', 0, 0, 250, 0, 0, 0, 0, 0, 0, 0, 0, 0, 0, 0, 0, 0, 0, 0, 0, 0, 0, 0, 0, 0, 0, 0, 0, 0, 0, 0, 0, 0, 0, 0, 0, 0, 0, 0, 0, 0, 0, 0, 0, 0, 0, 0, 0, 0, 0, 0, 0, 0, 0, 0, 0, 0, 0, 0, 0, 0, 0, 0, 0, 0),
('Siege Refund', 'Refunds all purchased Siege Weapons for their full price.', 0, 0, 0, 0, 0, 0, 0, 0, 0, 0, 0, 0, 0, 0, 0, 0, 0, 0, 0, 0, 0, 0, 0, 0, 0, 0, 0, 0, 0, 0, 0, 0, 0, 0, 0, 0, 0, 0, 0, 0, 0, 0, 0, 0, 0, 0, 0, 0, 0, 0, 0, 0, 0, 0, 0, 0, 0, 0, 0, 0, 0, 0, 0, 0),
('Siege Teleport (Inactive)', '', 0, 0, 0, 0, 0, 0, 0, 0, 0, 0, 0, 0, 0, 0, 0, 0, 0, 0, 0, 0, 0, 0, 0, 0, 0, 0, 0, 0, 0, 0, 0, 0, 0, 0, 0, 0, 0, 0, 0, 0, 0, 0, 0, 0, 0, 0, 0, 0, 0, 0, 0, 0, 0, 0, 0, 0, 0, 0, 0, 0, 0, 0, 0, 0),
('Spirit Visage', '<stats>+500 Health<br>+55 Magic Resist<br>+200% Base Health Regen <br>+10% Cooldown Reduction</stats><br><br><unique>UNIQUE Passive:</unique> Increases all healing received by 25%.', 500, 0, 0, 0, 0, 0, 0, 0, 0, 0, 0, 0, 0, 0, 0, 0, 0, 0, 0, 0, 0, 0, 0, 0, 0, 0, 0, 0, 0, 0, 0, 0, 0, 0, 0, 0, 0, 0, 0, 0, 0, 0, 55, 0, 0, 0, 0, 0, 0, 0, 0, 0, 0, 0, 0, 0, 0, 0, 0, 0, 0, 0, 0, 0),
('Stinger', '<stats>+35% Attack Speed</stats><br><br><unique>UNIQUE Passive:</unique> +10% Cooldown Reduction', 0, 0, 0, 0, 0, 0, 0, 0, 0, 0, 0, 0, 0, 0, 0, 0, 0, 0, 0, 0, 0, 0, 0, 0, 0, 0, 0, 0, 0, 0.35, 0, 0, 0, 0, 0, 0, 0, 0, 0, 0, 0, 0, 0, 0, 0, 0, 0, 0, 0, 0, 0, 0, 0, 0, 0, 0, 0, 0, 0, 0, 0, 0, 0, 0),
('Sunfire Cape', '<stats>+500 Health<br>+50 Armor  </stats><br><br><unique>UNIQUE Passive - Immolate:</unique> Deals 25 (+1 per champion level) magic damage per second to nearby enemies. Deals 50% bonus damage to minions and monsters.', 500, 0, 0, 0, 0, 0, 0, 0, 0, 0, 0, 0, 50, 0, 0, 0, 0, 0, 0, 0, 0, 0, 0, 0, 0, 0, 0, 0, 0, 0, 0, 0, 0, 0, 0, 0, 0, 0, 0, 0, 0, 0, 0, 0, 0, 0, 0, 0, 0, 0, 0, 0, 0, 0, 0, 0, 0, 0, 0, 0, 0, 0, 0, 0),
('Tear of the Goddess', '<stats><mana>+250 Mana</mana></stats><br><br><mana><unique>UNIQUE Passive - Awe:</unique> Refunds 15% of Mana spent.<br><unique>UNIQUE Passive - Mana Charge:</unique> Grants 4 maximum Mana on spell cast or Mana expenditure (up to 2 times per 8 seconds).<br><br>Caps at +750 Mana.</mana>', 0, 0, 250, 0, 0, 0, 0, 0, 0, 0, 0, 0, 0, 0, 0, 0, 0, 0, 0, 0, 0, 0, 0, 0, 0, 0, 0, 0, 0, 0, 0, 0, 0, 0, 0, 0, 0, 0, 0, 0, 0, 0, 0, 0, 0, 0, 0, 0, 0, 0, 0, 0, 0, 0, 0, 0, 0, 0, 0, 0, 0, 0, 0, 0),
('Tear of the Goddess (Quick Charge)', '<stats><mana>+250 Mana</mana></stats><br><br><mana><unique>UNIQUE Passive - Awe:</unique> Refunds 15% of Mana spent.<br><unique>UNIQUE Passive - Mana Charge:</unique> Grants 6 maximum Mana on spell cast or Mana expenditure (up to 2 times per 8 seconds).<br><br>Caps at +750 Mana.</mana>', 0, 0, 250, 0, 0, 0, 0, 0, 0, 0, 0, 0, 0, 0, 0, 0, 0, 0, 0, 0, 0, 0, 0, 0, 0, 0, 0, 0, 0, 0, 0, 0, 0, 0, 0, 0, 0, 0, 0, 0, 0, 0, 0, 0, 0, 0, 0, 0, 0, 0, 0, 0, 0, 0, 0, 0, 0, 0, 0, 0, 0, 0, 0, 0),
('The Black Cleaver', '<stats>+300 Health<br>+50 Attack Damage<br>+20% Cooldown Reduction</stats><br><br><unique>UNIQUE Passive:</unique> Dealing physical damage to an enemy champion Cleaves them, reducing their Armor by 5% for 6 seconds (stacks up to 6 times, up to 30%).<br><unique>UNIQUE Passive - Rage:</unique> Dealing physical damage grants 20 movement speed for 2 seconds. Assists on Cleaved enemy champions or kills on any unit grant 60 movement speed for 2 seconds instead. This Movement Speed is halved for ranged champions.', 300, 0, 0, 0, 0, 0, 0, 0, 0, 0, 0, 0, 0, 0, 0, 0, 0, 0, 50, 0, 0, 0, 0, 0, 0, 0, 0, 0, 0, 0, 0, 0, 0, 0, 0, 0, 0, 0, 0, 0, 0, 0, 0, 0, 0, 0, 0, 0, 0, 0, 0, 0, 0, 0, 0, 0, 0, 0, 0, 0, 0, 0, 0, 0),
('The Black Spear', '<stats></stats><br><active>Active:</active> Offer to bind with an ally for the remainder of the game, becoming Oathsworn Allies. Oathsworn empowers you both while near one another.', 0, 0, 0, 0, 0, 0, 0, 0, 0, 0, 0, 0, 0, 0, 0, 0, 0, 0, 0, 0, 0, 0, 0, 0, 0, 0, 0, 0, 0, 0, 0, 0, 0, 0, 0, 0, 0, 0, 0, 0, 0, 0, 0, 0, 0, 0, 0, 0, 0, 0, 0, 0, 0, 0, 0, 0, 0, 0, 0, 0, 0, 0, 0, 0),
('The Dark Seal', '<stats>+15 Ability Power<br>+25% Increased Healing from Potions<br><mana>+100 Mana</mana></stats><br><br><unique>UNIQUE Passive - Dread:</unique> Grants +3 Ability Power per Glory.  <br><unique>UNIQUE Passive - Do or Die:</unique> Grants 2 Glory for a champion kill or 1 Glory for an assist, up to 10 Glory total. Lose 4 Glory on death.', 0, 0, 100, 0, 0, 0, 0, 0, 0, 0, 0, 0, 0, 0, 0, 0, 0, 0, 0, 0, 0, 15, 0, 0, 0, 0, 0, 0, 0, 0, 0, 0, 0, 0, 0, 0, 0, 0, 0, 0, 0, 0, 0, 0, 0, 0, 0, 0, 0, 0, 0, 0, 0, 0, 0, 0, 0, 0, 0, 0, 0, 0, 0, 0),
('The Hex Core mk-1', '<stats>+3 Ability Power per level<br>+15 Mana per level</stats><br><br><unique>UNIQUE Passive - Progress:</unique> Viktor can upgrade one of his basic spells.', 0, 0, 0, 0, 0, 0, 0, 0, 0, 0, 0, 0, 0, 0, 0, 0, 0, 0, 0, 0, 0, 0, 0, 0, 0, 0, 0, 0, 0, 0, 0, 0, 0, 0, 0, 0, 0, 0, 0, 0, 0, 0, 0, 0, 0, 0, 0, 0, 0, 0, 0, 0, 0, 0, 0, 0, 0, 0, 0, 0, 0, 0, 0, 0),
('The Hex Core mk-2', '<stats>+6 Ability Power per level<br>+20 Mana per level</stats><br><br><unique>UNIQUE Passive - Progress:</unique> Viktor can upgrade one of his basic spells.', 0, 0, 0, 0, 0, 0, 0, 0, 0, 0, 0, 0, 0, 0, 0, 0, 0, 0, 0, 0, 0, 0, 0, 0, 0, 0, 0, 0, 0, 0, 0, 0, 0, 0, 0, 0, 0, 0, 0, 0, 0, 0, 0, 0, 0, 0, 0, 0, 0, 0, 0, 0, 0, 0, 0, 0, 0, 0, 0, 0, 0, 0, 0, 0),
('Thornmail', '<stats>+100 Armor  </stats><br><br><unique>UNIQUE Passive:</unique> Upon being hit by a basic attack, reflects magic damage back to the attacker equal to 25% of your bonus Armor plus 15% of the incoming damage.<br><br><rules>(Bonus Armor is Armor from items, buffs, runes and masteries.)</rules><br><rules>(Reflect damage is calculated based on damage taken before being reduced by Armor.)</rules>', 0, 0, 0, 0, 0, 0, 0, 0, 0, 0, 0, 0, 100, 0, 0, 0, 0, 0, 0, 0, 0, 0, 0, 0, 0, 0, 0, 0, 0, 0, 0, 0, 0, 0, 0, 0, 0, 0, 0, 0, 0, 0, 0, 0, 0, 0, 0, 0, 0, 0, 0, 0, 0, 0, 0, 0, 0, 0, 0, 0, 0, 0, 0, 0),
('Tiamat', '<stats>+20 Attack Damage<br>+50% Base Health Regen </stats><br><br><unique>UNIQUE Passive - Cleave:</unique> Basic attacks deal 20% to 60% of total Attack Damage as bonus physical damage to enemies near the target on hit (enemies closest to the target take the most damage).<br><active>UNIQUE Active - Crescent:</active> Deals 60% to 100% of total Attack Damage as physical damage to nearby enemy units (enemies closest to the target take the most damage) (10 second cooldown).', 0, 0, 0, 0, 0, 0, 0, 0, 0, 0, 0, 0, 0, 0, 0, 0, 0, 0, 20, 0, 0, 0, 0, 0, 0, 0, 0, 0, 0, 0, 0, 0, 0, 0, 0, 0, 0, 0, 0, 0, 0, 0, 0, 0, 0, 0, 0, 0, 0, 0, 0, 0, 0, 0, 0, 0, 0, 0, 0, 0, 0, 0, 0, 0),
('Total Biscuit of Rejuvenation', '<consumable>Click to Consume:</consumable> Restores 80 Health and 50 Mana over 10 seconds.', 0, 0, 0, 0, 0, 0, 0, 0, 0, 0, 0, 0, 0, 0, 0, 0, 0, 0, 0, 0, 0, 0, 0, 0, 0, 0, 0, 0, 0, 0, 0, 0, 0, 0, 0, 0, 0, 0, 0, 0, 0, 0, 0, 0, 0, 0, 0, 0, 0, 0, 0, 0, 0, 0, 0, 0, 0, 0, 0, 0, 0, 0, 0, 0),
('Trinity Force', '<stats>+250 Health<br><mana>+250 Mana</mana><br>+25 Attack Damage<br>+40% Attack Speed<br>+20% Cooldown Reduction<br>+5% Movement Speed</stats><br><br><unique>UNIQUE Passive - Rage:</unique> Basic attacks grant 20 Movement Speed for 2 seconds. Kills grant 60 Movement Speed instead. This Movement Speed bonus is halved for ranged champions.<br><unique>UNIQUE Passive - Spellblade:</unique> After using an ability, the next basic attack deals bonus physical damage equal to 200% of base Attack Damage on hit (1.5 second cooldown).', 250, 0, 250, 0, 0, 0, 0, 0, 0, 0, 0, 0, 0, 0, 0, 0, 0, 0, 25, 0, 0, 0, 0, 0, 0, 0, 0.05, 0, 0, 0.4, 0, 0, 0, 0, 0, 0, 0, 0, 0, 0, 0, 0, 0, 0, 0, 0, 0, 0, 0, 0, 0, 0, 0, 0, 0, 0, 0, 0, 0, 0, 0, 0, 0, 0),
('Vampiric Scepter', '<stats>+15 Attack Damage<br>+10% Life Steal</stats>', 0, 0, 0, 0, 0, 0, 0, 0, 0, 0, 0, 0, 0, 0, 0, 0, 0, 0, 15, 0, 0, 0, 0, 0, 0, 0, 0, 0, 0, 0, 0, 0, 0, 0, 0, 0, 0, 0, 0, 0, 0, 0, 0, 0, 0, 0, 0, 0, 0, 0, 0, 0, 0, 0, 0, 0, 0, 0, 0, 0, 0, 0, 0.1, 0),
('Wicked Hatchet', '<stats>+20 Attack Damage<br>+10% Critical Strike Chance</stats><br><br><unique>UNIQUE Passive:</unique> Critical Strikes cause your target to bleed for an additional 60% of your bonus Attack Damage as magic damage over 3 seconds.', 0, 0, 0, 0, 0, 0, 0, 0, 0, 0, 0, 0, 0, 0, 0, 0, 0, 0, 20, 0, 0, 0, 0, 0, 0, 0, 0, 0, 0, 0, 0, 0, 0, 0, 0.1, 0, 0, 0, 0, 0, 0, 0, 0, 0, 0, 0, 0, 0, 0, 0, 0, 0, 0, 0, 0, 0, 0, 0, 0, 0, 0, 0, 0, 0),
('Zeal', '<stats>+15% Attack Speed<br>+20% Critical Strike Chance</stats><br><br><unique>UNIQUE Passive:</unique> +5% Movement Speed', 0, 0, 0, 0, 0, 0, 0, 0, 0, 0, 0, 0, 0, 0, 0, 0, 0, 0, 0, 0, 0, 0, 0, 0, 0, 0, 0, 0, 0, 0.15, 0, 0, 0, 0, 0.2, 0, 0, 0, 0, 0, 0, 0, 0, 0, 0, 0, 0, 0, 0, 0, 0, 0, 0, 0, 0, 0, 0, 0, 0, 0, 0, 0, 0, 0);

-- --------------------------------------------------------

--
-- Table structure for table `masteries`
--

CREATE TABLE `masteries` (
  `Name` varchar(64) DEFAULT NULL,
  `MasteryID` int(11) NOT NULL,
  `MaxRank` int(11) DEFAULT NULL,
  `Prereq` int(11) DEFAULT NULL
) ENGINE=InnoDB DEFAULT CHARSET=latin1;

--
-- Dumping data for table `masteries`
--

INSERT INTO `masteries` (`Name`, `MasteryID`, `MaxRank`, `Prereq`) VALUES
('Fury', 6111, 5, 0),
('Sorcery', 6114, 5, 0),
('Fresh Blood', 6121, 1, 0),
('Feast', 6122, 1, 0),
('Expose Weakness', 6123, 1, 0),
('Vampirism', 6131, 5, 0),
('Natural Talent', 6134, 5, 0),
('Bounty Hunter', 6141, 1, 0),
('Double Edged Sword', 6142, 1, 0),
('Battle Trance', 6143, 1, 0),
('Battering Blows', 6151, 5, 0),
('Piercing Thoughts', 6154, 5, 0),
('Fervor of Battle', 6162, 1, 0),
('Deathfire Touch', 6164, 1, 0),
('Recovery', 6211, 5, 0),
('Unyielding', 6212, 5, 0),
('Explorer', 6221, 1, 0),
('Siegemaster', 6222, 1, 0),
('Tough Skin', 6223, 1, 0),
('Runic Armor', 6231, 5, 0),
('Insight', 6241, 1, 0),
('Perseverance', 6242, 1, 0),
('Fearless', 6243, 1, 0),
('Swiftness', 6251, 5, 0),
('Legendary Guardian', 6252, 5, 0),
('Grasp of the Undying', 6261, 1, 0),
('Courage of the Colossus', 6262, 1, 0),
('Bond of Stone', 6263, 1, 0),
('Wanderer', 6311, 5, 0),
('Savagery', 6312, 5, 0),
('Runic Affinity', 6321, 1, 0),
('Secret Stash', 6322, 1, 0),
('Assassin', 6323, 1, 0),
('Merciless', 6331, 5, 0),
('Meditation', 6332, 5, 0),
('Bandit', 6342, 1, 0),
('Dangerous Game', 6343, 1, 0),
('Precision', 6351, 5, 0),
('Intelligence', 6352, 5, 0);

-- --------------------------------------------------------

--
-- Table structure for table `masteryabilities`
--

CREATE TABLE `masteryabilities` (
  `Mid` int(11) NOT NULL,
  `AName` char(64) NOT NULL,
  `Rank` int(11) DEFAULT NULL
) ENGINE=InnoDB DEFAULT CHARSET=latin1;

--
-- Dumping data for table `masteryabilities`
--

INSERT INTO `masteryabilities` (`Mid`, `AName`, `Rank`) VALUES
(6111, '61111', 1),
(6111, '61112', 2),
(6111, '61113', 3),
(6111, '61114', 4),
(6111, '61115', 5),
(6114, '61141', 1),
(6114, '61142', 2),
(6114, '61143', 3),
(6114, '61144', 4),
(6114, '61145', 5),
(6121, '61211', 1),
(6122, '61221', 1),
(6123, '61231', 1),
(6131, '61311', 1),
(6131, '61312', 2),
(6131, '61313', 3),
(6131, '61314', 4),
(6131, '61315', 5),
(6134, '61341', 1),
(6134, '61342', 2),
(6134, '61343', 3),
(6134, '61344', 4),
(6134, '61345', 5),
(6141, '61411', 1),
(6142, '61421', 1),
(6143, '61431', 1),
(6151, '61511', 1),
(6151, '61512', 2),
(6151, '61513', 3),
(6151, '61514', 4),
(6151, '61515', 5),
(6154, '61541', 1),
(6154, '61542', 2),
(6154, '61543', 3),
(6154, '61544', 4),
(6154, '61545', 5),
(6162, '61621', 1),
(6211, '62111', 1),
(6211, '62112', 2),
(6211, '62113', 3),
(6211, '62114', 4),
(6211, '62115', 5),
(6212, '62121', 1),
(6212, '62122', 2),
(6212, '62123', 3),
(6212, '62124', 4),
(6212, '62125', 5),
(6221, '62211', 1),
(6222, '62221', 1),
(6223, '62231', 1),
(6231, '62311', 1),
(6231, '62312', 2),
(6231, '62313', 3),
(6231, '62314', 4),
(6231, '62315', 5),
(6241, '62411', 1),
(6242, '62421', 1),
(6243, '62431', 1),
(6251, '62511', 1),
(6251, '62512', 2),
(6251, '62513', 3),
(6251, '62514', 4),
(6251, '62515', 5),
(6252, '62521', 1),
(6252, '62522', 2),
(6252, '62523', 3),
(6252, '62524', 4),
(6252, '62525', 5),
(6261, '62611', 1),
(6262, '62621', 1),
(6263, '62631', 1),
(6311, '63111', 1),
(6311, '63112', 2),
(6311, '63113', 3),
(6311, '63114', 4),
(6311, '63115', 5),
(6312, '63121', 1),
(6312, '63122', 2),
(6312, '63123', 3),
(6312, '63124', 4),
(6312, '63125', 5),
(6321, '63211', 1),
(6322, '63221', 1),
(6323, '63231', 1),
(6331, '63311', 1),
(6331, '63312', 2),
(6331, '63313', 3),
(6331, '63314', 4),
(6331, '63315', 5),
(6332, '63321', 1),
(6332, '63322', 2),
(6332, '63323', 3),
(6332, '63324', 4),
(6332, '63325', 5),
(6342, '63421', 1),
(6343, '63431', 1),
(6351, '63511', 1),
(6351, '63512', 2),
(6351, '63513', 3),
(6351, '63514', 4),
(6351, '63515', 5),
(6352, '63521', 1),
(6352, '63522', 2),
(6352, '63523', 3),
(6352, '63524', 4),
(6352, '63525', 5);

-- --------------------------------------------------------

--
-- Table structure for table `runes`
--

CREATE TABLE `runes` (
  `Name` varchar(64) NOT NULL,
  `Tier` int(11) DEFAULT NULL,
  `FlatHPPoolMod` float DEFAULT '0',
  `rFlatHPModPerLevel` float DEFAULT '0',
  `FlatMPPoolMod` float DEFAULT '0',
  `rFlatMPModPerLevel` float DEFAULT '0',
  `PercentHPPoolMod` float DEFAULT '0',
  `PercentMPPoolMod` float DEFAULT '0',
  `FlatHPRegenMod` float DEFAULT '0',
  `rFlatHPRegenModPerLevel` float DEFAULT '0',
  `PercentHPRegenMod` float DEFAULT '0',
  `FlatMPRegenMod` float DEFAULT '0',
  `rFlatMPRegenModPerLevel` float DEFAULT '0',
  `PercentMPRegenMod` float DEFAULT '0',
  `FlatArmorMod` float DEFAULT '0',
  `rFlatArmorModPerLevel` float DEFAULT '0',
  `PercentArmorMod` float DEFAULT '0',
  `rFlatArmorPenetrationMod` float DEFAULT '0',
  `rFlatArmorPenetrationModPerLevel` float DEFAULT '0',
  `rPercentArmorPenetrationModPerLevel` float DEFAULT '0',
  `FlatPhysicalDamageMod` float DEFAULT '0',
  `rFlatPhysicalDamageModPerLevel` float DEFAULT '0',
  `PercentPhysicalDamageMod` float DEFAULT '0',
  `FlatMagicDamageMod` float DEFAULT '0',
  `rFlatMagicDamageModPerLevel` float DEFAULT '0',
  `PercentMagicDamageMod` float DEFAULT '0',
  `FlatMovementSpeedMod` float DEFAULT '0',
  `rFlatMovementSpeedModPerLevel` float DEFAULT '0',
  `PercentMovementSpeedMod` float DEFAULT '0',
  `rPercentMovementSpeedModPerLevel` float DEFAULT '0',
  `FlatAttackSpeedMod` float DEFAULT '0',
  `PercentAttackSpeedMod` float DEFAULT '0',
  `rPercentAttackSpeedModPerLevel` float DEFAULT '0',
  `rFlatDodgeMod` float DEFAULT '0',
  `rFlatDodgeModPerLevel` float DEFAULT '0',
  `PercentDodgeMod` float DEFAULT '0',
  `FlatCritChanceMod` float DEFAULT '0',
  `rFlatCritChanceModPerLevel` float DEFAULT '0',
  `PercentCritChanceMod` float DEFAULT '0',
  `FlatCritDamageMod` float DEFAULT '0',
  `rFlatCritDamageModPerLevel` float DEFAULT '0',
  `PercentCritDamageMod` float DEFAULT '0',
  `FlatBlockMod` float DEFAULT '0',
  `PercentBlockMod` float DEFAULT '0',
  `FlatSpellBlockMod` float DEFAULT '0',
  `rFlatSpellBlockModPerLevel` float DEFAULT '0',
  `PercentSpellBlockMod` float DEFAULT '0',
  `FlatEXPBonus` float DEFAULT '0',
  `PercentEXPBonus` float DEFAULT '0',
  `rPercentCooldownMod` float DEFAULT '0',
  `rPercentCooldownModPerLevel` float DEFAULT '0',
  `rFlatTimeDeadMod` float DEFAULT '0',
  `rFlatTimeDeadModPerLevel` float DEFAULT '0',
  `rPercentTimeDeadMod` float DEFAULT '0',
  `rPercentTimeDeadModPerLevel` float DEFAULT '0',
  `rFlatGoldPer10Mod` float DEFAULT '0',
  `rFlatMagicPenetrationMod` float DEFAULT '0',
  `rFlatMagicPenetrationModPerLevel` float DEFAULT '0',
  `rPercentMagicPenetrationMod` float DEFAULT '0',
  `rPercentMagicPenetrationModPerLevel` float DEFAULT '0',
  `FlatEnergyRegenMod` float DEFAULT '0',
  `rFlatEnergyRegenModPerLevel` float DEFAULT '0',
  `FlatEnergyPoolMod` float DEFAULT '0',
  `rFlatEnergyModPerLevel` float DEFAULT '0',
  `PercentLifeStealMod` float DEFAULT '0',
  `PercentSpellVampMod` float DEFAULT '0'
) ENGINE=InnoDB DEFAULT CHARSET=latin1;

--
-- Dumping data for table `runes`
--

INSERT INTO `runes` (`Name`, `Tier`, `FlatHPPoolMod`, `rFlatHPModPerLevel`, `FlatMPPoolMod`, `rFlatMPModPerLevel`, `PercentHPPoolMod`, `PercentMPPoolMod`, `FlatHPRegenMod`, `rFlatHPRegenModPerLevel`, `PercentHPRegenMod`, `FlatMPRegenMod`, `rFlatMPRegenModPerLevel`, `PercentMPRegenMod`, `FlatArmorMod`, `rFlatArmorModPerLevel`, `PercentArmorMod`, `rFlatArmorPenetrationMod`, `rFlatArmorPenetrationModPerLevel`, `rPercentArmorPenetrationModPerLevel`, `FlatPhysicalDamageMod`, `rFlatPhysicalDamageModPerLevel`, `PercentPhysicalDamageMod`, `FlatMagicDamageMod`, `rFlatMagicDamageModPerLevel`, `PercentMagicDamageMod`, `FlatMovementSpeedMod`, `rFlatMovementSpeedModPerLevel`, `PercentMovementSpeedMod`, `rPercentMovementSpeedModPerLevel`, `FlatAttackSpeedMod`, `PercentAttackSpeedMod`, `rPercentAttackSpeedModPerLevel`, `rFlatDodgeMod`, `rFlatDodgeModPerLevel`, `PercentDodgeMod`, `FlatCritChanceMod`, `rFlatCritChanceModPerLevel`, `PercentCritChanceMod`, `FlatCritDamageMod`, `rFlatCritDamageModPerLevel`, `PercentCritDamageMod`, `FlatBlockMod`, `PercentBlockMod`, `FlatSpellBlockMod`, `rFlatSpellBlockModPerLevel`, `PercentSpellBlockMod`, `FlatEXPBonus`, `PercentEXPBonus`, `rPercentCooldownMod`, `rPercentCooldownModPerLevel`, `rFlatTimeDeadMod`, `rFlatTimeDeadModPerLevel`, `rPercentTimeDeadMod`, `rPercentTimeDeadModPerLevel`, `rFlatGoldPer10Mod`, `rFlatMagicPenetrationMod`, `rFlatMagicPenetrationModPerLevel`, `rPercentMagicPenetrationMod`, `rPercentMagicPenetrationModPerLevel`, `FlatEnergyRegenMod`, `rFlatEnergyRegenModPerLevel`, `FlatEnergyPoolMod`, `rFlatEnergyModPerLevel`, `PercentLifeStealMod`, `PercentSpellVampMod`) VALUES
('Glyph of Ability Power', 2, 0, 0, 0, 0, 0, 0, 0, 0, 0, 0, 0, 0, 0, 0, 0, 0, 0, 0, 0, 0, 0, 0.92, 0, 0, 0, 0, 0, 0, 0, 0, 0, 0, 0, 0, 0, 0, 0, 0, 0, 0, 0, 0, 0, 0, 0, 0, 0, 0, 0, 0, 0, 0, 0, 0, 0, 0, 0, 0, 0, 0, 0, 0, 0, 0),
('Glyph of Armor', 2, 0, 0, 0, 0, 0, 0, 0, 0, 0, 0, 0, 0, 0.5471, 0, 0, 0, 0, 0, 0, 0, 0, 0, 0, 0, 0, 0, 0, 0, 0, 0, 0, 0, 0, 0, 0, 0, 0, 0, 0, 0, 0, 0, 0, 0, 0, 0, 0, 0, 0, 0, 0, 0, 0, 0, 0, 0, 0, 0, 0, 0, 0, 0, 0, 0),
('Glyph of Attack Damage', 2, 0, 0, 0, 0, 0, 0, 0, 0, 0, 0, 0, 0, 0, 0, 0, 0, 0, 0, 0.2205, 0, 0, 0, 0, 0, 0, 0, 0, 0, 0, 0, 0, 0, 0, 0, 0, 0, 0, 0, 0, 0, 0, 0, 0, 0, 0, 0, 0, 0, 0, 0, 0, 0, 0, 0, 0, 0, 0, 0, 0, 0, 0, 0, 0, 0),
('Glyph of Attack Speed', 2, 0, 0, 0, 0, 0, 0, 0, 0, 0, 0, 0, 0, 0, 0, 0, 0, 0, 0, 0, 0, 0, 0, 0, 0, 0, 0, 0, 0, 0, 0.004953, 0, 0, 0, 0, 0, 0, 0, 0, 0, 0, 0, 0, 0, 0, 0, 0, 0, 0, 0, 0, 0, 0, 0, 0, 0, 0, 0, 0, 0, 0, 0, 0, 0, 0),
('Glyph of Cooldown Reduction', 2, 0, 0, 0, 0, 0, 0, 0, 0, 0, 0, 0, 0, 0, 0, 0, 0, 0, 0, 0, 0, 0, 0, 0, 0, 0, 0, 0, 0, 0, 0, 0, 0, 0, 0, 0, 0, 0, 0, 0, 0, 0, 0, 0, 0, 0, 0, 0, -0.00667, 0, 0, 0, 0, 0, 0, 0, 0, 0, 0, 0, 0, 0, 0, 0, 0),
('Glyph of Critical Chance', 2, 0, 0, 0, 0, 0, 0, 0, 0, 0, 0, 0, 0, 0, 0, 0, 0, 0, 0, 0, 0, 0, 0, 0, 0, 0, 0, 0, 0, 0, 0, 0, 0, 0, 0, 0.002165, 0, 0, 0, 0, 0, 0, 0, 0, 0, 0, 0, 0, 0, 0, 0, 0, 0, 0, 0, 0, 0, 0, 0, 0, 0, 0, 0, 0, 0),
('Glyph of Critical Damage', 2, 0, 0, 0, 0, 0, 0, 0, 0, 0, 0, 0, 0, 0, 0, 0, 0, 0, 0, 0, 0, 0, 0, 0, 0, 0, 0, 0, 0, 0, 0, 0, 0, 0, 0, 0, 0, 0, 0.004339, 0, 0, 0, 0, 0, 0, 0, 0, 0, 0, 0, 0, 0, 0, 0, 0, 0, 0, 0, 0, 0, 0, 0, 0, 0, 0),
('Glyph of Health', 2, 2.079, 0, 0, 0, 0, 0, 0, 0, 0, 0, 0, 0, 0, 0, 0, 0, 0, 0, 0, 0, 0, 0, 0, 0, 0, 0, 0, 0, 0, 0, 0, 0, 0, 0, 0, 0, 0, 0, 0, 0, 0, 0, 0, 0, 0, 0, 0, 0, 0, 0, 0, 0, 0, 0, 0, 0, 0, 0, 0, 0, 0, 0, 0, 0),
('Glyph of Health Regeneration', 2, 0, 0, 0, 0, 0, 0, 0.042, 0, 0, 0, 0, 0, 0, 0, 0, 0, 0, 0, 0, 0, 0, 0, 0, 0, 0, 0, 0, 0, 0, 0, 0, 0, 0, 0, 0, 0, 0, 0, 0, 0, 0, 0, 0, 0, 0, 0, 0, 0, 0, 0, 0, 0, 0, 0, 0, 0, 0, 0, 0, 0, 0, 0, 0, 0),
('Glyph of Magic Penetration', 2, 0, 0, 0, 0, 0, 0, 0, 0, 0, 0, 0, 0, 0, 0, 0, 0, 0, 0, 0, 0, 0, 0, 0, 0, 0, 0, 0, 0, 0, 0, 0, 0, 0, 0, 0, 0, 0, 0, 0, 0, 0, 0, 0, 0, 0, 0, 0, 0, 0, 0, 0, 0, 0, 0, 0.49, 0, 0, 0, 0, 0, 0, 0, 0, 0),
('Glyph of Magic Resist', 2, 0, 0, 0, 0, 0, 0, 0, 0, 0, 0, 0, 0, 0, 0, 0, 0, 0, 0, 0, 0, 0, 0, 0, 0, 0, 0, 0, 0, 0, 0, 0, 0, 0, 0, 0, 0, 0, 0, 0, 0, 0, 0, 1.04, 0, 0, 0, 0, 0, 0, 0, 0, 0, 0, 0, 0, 0, 0, 0, 0, 0, 0, 0, 0, 0),
('Glyph of Mana', 2, 0, 0, 8.75, 0, 0, 0, 0, 0, 0, 0, 0, 0, 0, 0, 0, 0, 0, 0, 0, 0, 0, 0, 0, 0, 0, 0, 0, 0, 0, 0, 0, 0, 0, 0, 0, 0, 0, 0, 0, 0, 0, 0, 0, 0, 0, 0, 0, 0, 0, 0, 0, 0, 0, 0, 0, 0, 0, 0, 0, 0, 0, 0, 0, 0),
('Glyph of Mana Regeneration', 2, 0, 0, 0, 0, 0, 0, 0, 0, 0, 0.052, 0, 0, 0, 0, 0, 0, 0, 0, 0, 0, 0, 0, 0, 0, 0, 0, 0, 0, 0, 0, 0, 0, 0, 0, 0, 0, 0, 0, 0, 0, 0, 0, 0, 0, 0, 0, 0, 0, 0, 0, 0, 0, 0, 0, 0, 0, 0, 0, 0, 0, 0, 0, 0, 0),
('Glyph of Scaling Ability Power', 2, 0, 0, 0, 0, 0, 0, 0, 0, 0, 0, 0, 0, 0, 0, 0, 0, 0, 0, 0, 0, 0, 0, 0.1346, 0, 0, 0, 0, 0, 0, 0, 0, 0, 0, 0, 0, 0, 0, 0, 0, 0, 0, 0, 0, 0, 0, 0, 0, 0, 0, 0, 0, 0, 0, 0, 0, 0, 0, 0, 0, 0, 0, 0, 0, 0),
('Glyph of Scaling Attack Damage', 2, 0, 0, 0, 0, 0, 0, 0, 0, 0, 0, 0, 0, 0, 0, 0, 0, 0, 0, 0, 0.0315, 0, 0, 0, 0, 0, 0, 0, 0, 0, 0, 0, 0, 0, 0, 0, 0, 0, 0, 0, 0, 0, 0, 0, 0, 0, 0, 0, 0, 0, 0, 0, 0, 0, 0, 0, 0, 0, 0, 0, 0, 0, 0, 0, 0),
('Glyph of Scaling Cooldown Reduction', 2, 0, 0, 0, 0, 0, 0, 0, 0, 0, 0, 0, 0, 0, 0, 0, 0, 0, 0, 0, 0, 0, 0, 0, 0, 0, 0, 0, 0, 0, 0, 0, 0, 0, 0, 0, 0, 0, 0, 0, 0, 0, 0, 0, 0, 0, 0, 0, 0, -0.0007223, 0, 0, 0, 0, 0, 0, 0, 0, 0, 0, 0, 0, 0, 0, 0),
('Glyph of Scaling Health', 2, 0, 0.4207, 0, 0, 0, 0, 0, 0, 0, 0, 0, 0, 0, 0, 0, 0, 0, 0, 0, 0, 0, 0, 0, 0, 0, 0, 0, 0, 0, 0, 0, 0, 0, 0, 0, 0, 0, 0, 0, 0, 0, 0, 0, 0, 0, 0, 0, 0, 0, 0, 0, 0, 0, 0, 0, 0, 0, 0, 0, 0, 0, 0, 0, 0),
('Glyph of Scaling Magic Resist', 2, 0, 0, 0, 0, 0, 0, 0, 0, 0, 0, 0, 0, 0, 0, 0, 0, 0, 0, 0, 0, 0, 0, 0, 0, 0, 0, 0, 0, 0, 0, 0, 0, 0, 0, 0, 0, 0, 0, 0, 0, 0, 0, 0, 0.13, 0, 0, 0, 0, 0, 0, 0, 0, 0, 0, 0, 0, 0, 0, 0, 0, 0, 0, 0, 0),
('Glyph of Scaling Mana', 2, 0, 0, 0, 1.1019, 0, 0, 0, 0, 0, 0, 0, 0, 0, 0, 0, 0, 0, 0, 0, 0, 0, 0, 0, 0, 0, 0, 0, 0, 0, 0, 0, 0, 0, 0, 0, 0, 0, 0, 0, 0, 0, 0, 0, 0, 0, 0, 0, 0, 0, 0, 0, 0, 0, 0, 0, 0, 0, 0, 0, 0, 0, 0, 0, 0),
('Glyph of Scaling Mana Regeneration', 2, 0, 0, 0, 0, 0, 0, 0, 0, 0, 0, 0.01044, 0, 0, 0, 0, 0, 0, 0, 0, 0, 0, 0, 0, 0, 0, 0, 0, 0, 0, 0, 0, 0, 0, 0, 0, 0, 0, 0, 0, 0, 0, 0, 0, 0, 0, 0, 0, 0, 0, 0, 0, 0, 0, 0, 0, 0, 0, 0, 0, 0, 0, 0, 0, 0),
('Glyph of the Soaring Slalom', 2, 0, 0, 0, 0, 0, 0, 0, 0, 0, 0, 0, 0, 0, 0, 0, 0, 0, 0, 0, 0, 0, 0, 0, 0, 0, 0, 0, 0, 0, 0, 0, 0, 0, 0, 0, 0, 0, 0, 0, 0, 0, 0, 0, 0, 0, 0, 0, -0.0075, 0, 0, 0, 0, 0, 0, 0, 0, 0, 0, 0, 0, 0, 0, 0, 0),
('Glyph of the Special Stocking', 2, 0, 0, 0, 0, 0, 0, 0, 0, 0, 0, 0, 0, 0, 0, 0, 0, 0, 0, 0, 0, 0, 0, 0, 0, 0, 0, 0, 0, 0, 0, 0, 0, 0, 0, 0, 0, 0, 0, 0, 0, 0, 0, 0, 0, 0, 0, 0, -0.0075, 0, 0, 0, 0, 0, 0, 0, 0, 0, 0, 0, 0, 0, 0, 0, 0),
('Greater Glyph of Ability Power', 3, 0, 0, 0, 0, 0, 0, 0, 0, 0, 0, 0, 0, 0, 0, 0, 0, 0, 0, 0, 0, 0, 1.19, 0, 0, 0, 0, 0, 0, 0, 0, 0, 0, 0, 0, 0, 0, 0, 0, 0, 0, 0, 0, 0, 0, 0, 0, 0, 0, 0, 0, 0, 0, 0, 0, 0, 0, 0, 0, 0, 0, 0, 0, 0, 0),
('Greater Glyph of Armor', 3, 0, 0, 0, 0, 0, 0, 0, 0, 0, 0, 0, 0, 0.7034, 0, 0, 0, 0, 0, 0, 0, 0, 0, 0, 0, 0, 0, 0, 0, 0, 0, 0, 0, 0, 0, 0, 0, 0, 0, 0, 0, 0, 0, 0, 0, 0, 0, 0, 0, 0, 0, 0, 0, 0, 0, 0, 0, 0, 0, 0, 0, 0, 0, 0, 0),
('Greater Glyph of Attack Damage', 3, 0, 0, 0, 0, 0, 0, 0, 0, 0, 0, 0, 0, 0, 0, 0, 0, 0, 0, 0.2835, 0, 0, 0, 0, 0, 0, 0, 0, 0, 0, 0, 0, 0, 0, 0, 0, 0, 0, 0, 0, 0, 0, 0, 0, 0, 0, 0, 0, 0, 0, 0, 0, 0, 0, 0, 0, 0, 0, 0, 0, 0, 0, 0, 0, 0),
('Greater Glyph of Attack Speed', 3, 0, 0, 0, 0, 0, 0, 0, 0, 0, 0, 0, 0, 0, 0, 0, 0, 0, 0, 0, 0, 0, 0, 0, 0, 0, 0, 0, 0, 0, 0.006368, 0, 0, 0, 0, 0, 0, 0, 0, 0, 0, 0, 0, 0, 0, 0, 0, 0, 0, 0, 0, 0, 0, 0, 0, 0, 0, 0, 0, 0, 0, 0, 0, 0, 0),
('Greater Glyph of Cooldown Reduction', 3, 0, 0, 0, 0, 0, 0, 0, 0, 0, 0, 0, 0, 0, 0, 0, 0, 0, 0, 0, 0, 0, 0, 0, 0, 0, 0, 0, 0, 0, 0, 0, 0, 0, 0, 0, 0, 0, 0, 0, 0, 0, 0, 0, 0, 0, 0, 0, -0.008334, 0, 0, 0, 0, 0, 0, 0, 0, 0, 0, 0, 0, 0, 0, 0, 0),
('Greater Glyph of Critical Chance', 3, 0, 0, 0, 0, 0, 0, 0, 0, 0, 0, 0, 0, 0, 0, 0, 0, 0, 0, 0, 0, 0, 0, 0, 0, 0, 0, 0, 0, 0, 0, 0, 0, 0, 0, 0.002784, 0, 0, 0, 0, 0, 0, 0, 0, 0, 0, 0, 0, 0, 0, 0, 0, 0, 0, 0, 0, 0, 0, 0, 0, 0, 0, 0, 0, 0),
('Greater Glyph of Critical Damage', 3, 0, 0, 0, 0, 0, 0, 0, 0, 0, 0, 0, 0, 0, 0, 0, 0, 0, 0, 0, 0, 0, 0, 0, 0, 0, 0, 0, 0, 0, 0, 0, 0, 0, 0, 0, 0, 0, 0.005579, 0, 0, 0, 0, 0, 0, 0, 0, 0, 0, 0, 0, 0, 0, 0, 0, 0, 0, 0, 0, 0, 0, 0, 0, 0, 0),
('Greater Glyph of Energy', 3, 0, 0, 0, 0, 0, 0, 0, 0, 0, 0, 0, 0, 0, 0, 0, 0, 0, 0, 0, 0, 0, 0, 0, 0, 0, 0, 0, 0, 0, 0, 0, 0, 0, 0, 0, 0, 0, 0, 0, 0, 0, 0, 0, 0, 0, 0, 0, 0, 0, 0, 0, 0, 0, 0, 0, 0, 0, 0, 0, 0, 2.2, 0, 0, 0),
('Greater Glyph of Health', 3, 2.673, 0, 0, 0, 0, 0, 0, 0, 0, 0, 0, 0, 0, 0, 0, 0, 0, 0, 0, 0, 0, 0, 0, 0, 0, 0, 0, 0, 0, 0, 0, 0, 0, 0, 0, 0, 0, 0, 0, 0, 0, 0, 0, 0, 0, 0, 0, 0, 0, 0, 0, 0, 0, 0, 0, 0, 0, 0, 0, 0, 0, 0, 0, 0),
('Greater Glyph of Health Regeneration', 3, 0, 0, 0, 0, 0, 0, 0.054, 0, 0, 0, 0, 0, 0, 0, 0, 0, 0, 0, 0, 0, 0, 0, 0, 0, 0, 0, 0, 0, 0, 0, 0, 0, 0, 0, 0, 0, 0, 0, 0, 0, 0, 0, 0, 0, 0, 0, 0, 0, 0, 0, 0, 0, 0, 0, 0, 0, 0, 0, 0, 0, 0, 0, 0, 0),
('Greater Glyph of Magic Penetration', 3, 0, 0, 0, 0, 0, 0, 0, 0, 0, 0, 0, 0, 0, 0, 0, 0, 0, 0, 0, 0, 0, 0, 0, 0, 0, 0, 0, 0, 0, 0, 0, 0, 0, 0, 0, 0, 0, 0, 0, 0, 0, 0, 0, 0, 0, 0, 0, 0, 0, 0, 0, 0, 0, 0, 0.63, 0, 0, 0, 0, 0, 0, 0, 0, 0),
('Greater Glyph of Magic Resist', 3, 0, 0, 0, 0, 0, 0, 0, 0, 0, 0, 0, 0, 0, 0, 0, 0, 0, 0, 0, 0, 0, 0, 0, 0, 0, 0, 0, 0, 0, 0, 0, 0, 0, 0, 0, 0, 0, 0, 0, 0, 0, 0, 1.34, 0, 0, 0, 0, 0, 0, 0, 0, 0, 0, 0, 0, 0, 0, 0, 0, 0, 0, 0, 0, 0),
('Greater Glyph of Mana', 3, 0, 0, 11.25, 0, 0, 0, 0, 0, 0, 0, 0, 0, 0, 0, 0, 0, 0, 0, 0, 0, 0, 0, 0, 0, 0, 0, 0, 0, 0, 0, 0, 0, 0, 0, 0, 0, 0, 0, 0, 0, 0, 0, 0, 0, 0, 0, 0, 0, 0, 0, 0, 0, 0, 0, 0, 0, 0, 0, 0, 0, 0, 0, 0, 0),
('Greater Glyph of Mana Regeneration', 3, 0, 0, 0, 0, 0, 0, 0, 0, 0, 0.066, 0, 0, 0, 0, 0, 0, 0, 0, 0, 0, 0, 0, 0, 0, 0, 0, 0, 0, 0, 0, 0, 0, 0, 0, 0, 0, 0, 0, 0, 0, 0, 0, 0, 0, 0, 0, 0, 0, 0, 0, 0, 0, 0, 0, 0, 0, 0, 0, 0, 0, 0, 0, 0, 0),
('Greater Glyph of Scaling Ability Power', 3, 0, 0, 0, 0, 0, 0, 0, 0, 0, 0, 0, 0, 0, 0, 0, 0, 0, 0, 0, 0, 0, 0, 0.1731, 0, 0, 0, 0, 0, 0, 0, 0, 0, 0, 0, 0, 0, 0, 0, 0, 0, 0, 0, 0, 0, 0, 0, 0, 0, 0, 0, 0, 0, 0, 0, 0, 0, 0, 0, 0, 0, 0, 0, 0, 0),
('Greater Glyph of Scaling Attack Damage', 3, 0, 0, 0, 0, 0, 0, 0, 0, 0, 0, 0, 0, 0, 0, 0, 0, 0, 0, 0, 0.0405, 0, 0, 0, 0, 0, 0, 0, 0, 0, 0, 0, 0, 0, 0, 0, 0, 0, 0, 0, 0, 0, 0, 0, 0, 0, 0, 0, 0, 0, 0, 0, 0, 0, 0, 0, 0, 0, 0, 0, 0, 0, 0, 0, 0),
('Greater Glyph of Scaling Cooldown Reduction', 3, 0, 0, 0, 0, 0, 0, 0, 0, 0, 0, 0, 0, 0, 0, 0, 0, 0, 0, 0, 0, 0, 0, 0, 0, 0, 0, 0, 0, 0, 0, 0, 0, 0, 0, 0, 0, 0, 0, 0, 0, 0, 0, 0, 0, 0, 0, 0, 0, -0.0009278, 0, 0, 0, 0, 0, 0, 0, 0, 0, 0, 0, 0, 0, 0, 0),
('Greater Glyph of Scaling Energy', 3, 0, 0, 0, 0, 0, 0, 0, 0, 0, 0, 0, 0, 0, 0, 0, 0, 0, 0, 0, 0, 0, 0, 0, 0, 0, 0, 0, 0, 0, 0, 0, 0, 0, 0, 0, 0, 0, 0, 0, 0, 0, 0, 0, 0, 0, 0, 0, 0, 0, 0, 0, 0, 0, 0, 0, 0, 0, 0, 0, 0, 0, 0.161, 0, 0),
('Greater Glyph of Scaling Health', 3, 0, 0.5409, 0, 0, 0, 0, 0, 0, 0, 0, 0, 0, 0, 0, 0, 0, 0, 0, 0, 0, 0, 0, 0, 0, 0, 0, 0, 0, 0, 0, 0, 0, 0, 0, 0, 0, 0, 0, 0, 0, 0, 0, 0, 0, 0, 0, 0, 0, 0, 0, 0, 0, 0, 0, 0, 0, 0, 0, 0, 0, 0, 0, 0, 0),
('Greater Glyph of Scaling Magic Resist', 3, 0, 0, 0, 0, 0, 0, 0, 0, 0, 0, 0, 0, 0, 0, 0, 0, 0, 0, 0, 0, 0, 0, 0, 0, 0, 0, 0, 0, 0, 0, 0, 0, 0, 0, 0, 0, 0, 0, 0, 0, 0, 0, 0, 0.16667, 0, 0, 0, 0, 0, 0, 0, 0, 0, 0, 0, 0, 0, 0, 0, 0, 0, 0, 0, 0),
('Greater Glyph of Scaling Mana', 3, 0, 0, 0, 1.4167, 0, 0, 0, 0, 0, 0, 0, 0, 0, 0, 0, 0, 0, 0, 0, 0, 0, 0, 0, 0, 0, 0, 0, 0, 0, 0, 0, 0, 0, 0, 0, 0, 0, 0, 0, 0, 0, 0, 0, 0, 0, 0, 0, 0, 0, 0, 0, 0, 0, 0, 0, 0, 0, 0, 0, 0, 0, 0, 0, 0),
('Greater Glyph of Scaling Mana Regeneration', 3, 0, 0, 0, 0, 0, 0, 0, 0, 0, 0, 0.01334, 0, 0, 0, 0, 0, 0, 0, 0, 0, 0, 0, 0, 0, 0, 0, 0, 0, 0, 0, 0, 0, 0, 0, 0, 0, 0, 0, 0, 0, 0, 0, 0, 0, 0, 0, 0, 0, 0, 0, 0, 0, 0, 0, 0, 0, 0, 0, 0, 0, 0, 0, 0, 0),
('Greater Mark of Ability Power', 3, 0, 0, 0, 0, 0, 0, 0, 0, 0, 0, 0, 0, 0, 0, 0, 0, 0, 0, 0, 0, 0, 0.594, 0, 0, 0, 0, 0, 0, 0, 0, 0, 0, 0, 0, 0, 0, 0, 0, 0, 0, 0, 0, 0, 0, 0, 0, 0, 0, 0, 0, 0, 0, 0, 0, 0, 0, 0, 0, 0, 0, 0, 0, 0, 0),
('Greater Mark of Armor', 3, 0, 0, 0, 0, 0, 0, 0, 0, 0, 0, 0, 0, 0.9144, 0, 0, 0, 0, 0, 0, 0, 0, 0, 0, 0, 0, 0, 0, 0, 0, 0, 0, 0, 0, 0, 0, 0, 0, 0, 0, 0, 0, 0, 0, 0, 0, 0, 0, 0, 0, 0, 0, 0, 0, 0, 0, 0, 0, 0, 0, 0, 0, 0, 0, 0),
('Greater Mark of Attack Damage', 3, 0, 0, 0, 0, 0, 0, 0, 0, 0, 0, 0, 0, 0, 0, 0, 0, 0, 0, 0.945, 0, 0, 0, 0, 0, 0, 0, 0, 0, 0, 0, 0, 0, 0, 0, 0, 0, 0, 0, 0, 0, 0, 0, 0, 0, 0, 0, 0, 0, 0, 0, 0, 0, 0, 0, 0, 0, 0, 0, 0, 0, 0, 0, 0, 0),
('Greater Mark of Attack Speed', 3, 0, 0, 0, 0, 0, 0, 0, 0, 0, 0, 0, 0, 0, 0, 0, 0, 0, 0, 0, 0, 0, 0, 0, 0, 0, 0, 0, 0, 0, 0.016981, 0, 0, 0, 0, 0, 0, 0, 0, 0, 0, 0, 0, 0, 0, 0, 0, 0, 0, 0, 0, 0, 0, 0, 0, 0, 0, 0, 0, 0, 0, 0, 0, 0, 0),
('Greater Mark of Cooldown Reduction', 3, 0, 0, 0, 0, 0, 0, 0, 0, 0, 0, 0, 0, 0, 0, 0, 0, 0, 0, 0, 0, 0, 0, 0, 0, 0, 0, 0, 0, 0, 0, 0, 0, 0, 0, 0, 0, 0, 0, 0, 0, 0, 0, 0, 0, 0, 0, 0, -0.002, 0, 0, 0, 0, 0, 0, 0, 0, 0, 0, 0, 0, 0, 0, 0, 0),
('Greater Mark of Critical Chance', 3, 0, 0, 0, 0, 0, 0, 0, 0, 0, 0, 0, 0, 0, 0, 0, 0, 0, 0, 0, 0, 0, 0, 0, 0, 0, 0, 0, 0, 0, 0, 0, 0, 0, 0, 0.009278, 0, 0, 0, 0, 0, 0, 0, 0, 0, 0, 0, 0, 0, 0, 0, 0, 0, 0, 0, 0, 0, 0, 0, 0, 0, 0, 0, 0, 0),
('Greater Mark of Critical Damage', 3, 0, 0, 0, 0, 0, 0, 0, 0, 0, 0, 0, 0, 0, 0, 0, 0, 0, 0, 0, 0, 0, 0, 0, 0, 0, 0, 0, 0, 0, 0, 0, 0, 0, 0, 0, 0, 0, 0.022314, 0, 0, 0, 0, 0, 0, 0, 0, 0, 0, 0, 0, 0, 0, 0, 0, 0, 0, 0, 0, 0, 0, 0, 0, 0, 0),
('Greater Mark of Health', 3, 3.4749, 0, 0, 0, 0, 0, 0, 0, 0, 0, 0, 0, 0, 0, 0, 0, 0, 0, 0, 0, 0, 0, 0, 0, 0, 0, 0, 0, 0, 0, 0, 0, 0, 0, 0, 0, 0, 0, 0, 0, 0, 0, 0, 0, 0, 0, 0, 0, 0, 0, 0, 0, 0, 0, 0, 0, 0, 0, 0, 0, 0, 0, 0, 0),
('Greater Mark of Lethality', 3, 0, 0, 0, 0, 0, 0, 0, 0, 0, 0, 0, 0, 0, 0, 0, 0, 0, 0, 0, 0, 0, 0, 0, 0, 0, 0, 0, 0, 0, 0, 0, 0, 0, 0, 0, 0, 0, 0, 0, 0, 0, 0, 0, 0, 0, 0, 0, 0, 0, 0, 0, 0, 0, 0, 0, 0, 0, 0, 0, 0, 0, 0, 0, 0),
('Greater Mark of Magic Penetration', 3, 0, 0, 0, 0, 0, 0, 0, 0, 0, 0, 0, 0, 0, 0, 0, 0, 0, 0, 0, 0, 0, 0, 0, 0, 0, 0, 0, 0, 0, 0, 0, 0, 0, 0, 0, 0, 0, 0, 0, 0, 0, 0, 0, 0, 0, 0, 0, 0, 0, 0, 0, 0, 0, 0, 0.87, 0, 0, 0, 0, 0, 0, 0, 0, 0),
('Greater Mark of Magic Resist', 3, 0, 0, 0, 0, 0, 0, 0, 0, 0, 0, 0, 0, 0, 0, 0, 0, 0, 0, 0, 0, 0, 0, 0, 0, 0, 0, 0, 0, 0, 0, 0, 0, 0, 0, 0, 0, 0, 0, 0, 0, 0, 0, 0.77, 0, 0, 0, 0, 0, 0, 0, 0, 0, 0, 0, 0, 0, 0, 0, 0, 0, 0, 0, 0, 0),
('Greater Mark of Mana', 3, 0, 0, 5.9063, 0, 0, 0, 0, 0, 0, 0, 0, 0, 0, 0, 0, 0, 0, 0, 0, 0, 0, 0, 0, 0, 0, 0, 0, 0, 0, 0, 0, 0, 0, 0, 0, 0, 0, 0, 0, 0, 0, 0, 0, 0, 0, 0, 0, 0, 0, 0, 0, 0, 0, 0, 0, 0, 0, 0, 0, 0, 0, 0, 0, 0),
('Greater Mark of Mana Regeneration', 3, 0, 0, 0, 0, 0, 0, 0, 0, 0, 0.0525, 0, 0, 0, 0, 0, 0, 0, 0, 0, 0, 0, 0, 0, 0, 0, 0, 0, 0, 0, 0, 0, 0, 0, 0, 0, 0, 0, 0, 0, 0, 0, 0, 0, 0, 0, 0, 0, 0, 0, 0, 0, 0, 0, 0, 0, 0, 0, 0, 0, 0, 0, 0, 0, 0),
('Greater Mark of Precision', 3, 0, 0, 0, 0, 0, 0, 0, 0, 0, 0, 0, 0, 0, 0, 0, 0, 0, 0, 0, 0, 0, 0, 0, 0, 0, 0, 0, 0, 0, 0, 0, 0, 0, 0, 0, 0, 0, 0, 0, 0, 0, 0, 0, 0, 0, 0, 0, 0, 0, 0, 0, 0, 0, 0, 0.61, 0, 0, 0, 0, 0, 0, 0, 0, 0),
('Greater Mark of Scaling Ability Power', 3, 0, 0, 0, 0, 0, 0, 0, 0, 0, 0, 0, 0, 0, 0, 0, 0, 0, 0, 0, 0, 0, 0, 0.1038, 0, 0, 0, 0, 0, 0, 0, 0, 0, 0, 0, 0, 0, 0, 0, 0, 0, 0, 0, 0, 0, 0, 0, 0, 0, 0, 0, 0, 0, 0, 0, 0, 0, 0, 0, 0, 0, 0, 0, 0, 0),
('Greater Mark of Scaling Attack Damage', 3, 0, 0, 0, 0, 0, 0, 0, 0, 0, 0, 0, 0, 0, 0, 0, 0, 0, 0, 0, 0.135, 0, 0, 0, 0, 0, 0, 0, 0, 0, 0, 0, 0, 0, 0, 0, 0, 0, 0, 0, 0, 0, 0, 0, 0, 0, 0, 0, 0, 0, 0, 0, 0, 0, 0, 0, 0, 0, 0, 0, 0, 0, 0, 0, 0),
('Greater Mark of Scaling Health', 3, 0, 0.5409, 0, 0, 0, 0, 0, 0, 0, 0, 0, 0, 0, 0, 0, 0, 0, 0, 0, 0, 0, 0, 0, 0, 0, 0, 0, 0, 0, 0, 0, 0, 0, 0, 0, 0, 0, 0, 0, 0, 0, 0, 0, 0, 0, 0, 0, 0, 0, 0, 0, 0, 0, 0, 0, 0, 0, 0, 0, 0, 0, 0, 0, 0),
('Greater Mark of Scaling Magic Resist', 3, 0, 0, 0, 0, 0, 0, 0, 0, 0, 0, 0, 0, 0, 0, 0, 0, 0, 0, 0, 0, 0, 0, 0, 0, 0, 0, 0, 0, 0, 0, 0, 0, 0, 0, 0, 0, 0, 0, 0, 0, 0, 0, 0, 0.0742, 0, 0, 0, 0, 0, 0, 0, 0, 0, 0, 0, 0, 0, 0, 0, 0, 0, 0, 0, 0),
('Greater Mark of Scaling Mana', 3, 0, 0, 0, 1.1667, 0, 0, 0, 0, 0, 0, 0, 0, 0, 0, 0, 0, 0, 0, 0, 0, 0, 0, 0, 0, 0, 0, 0, 0, 0, 0, 0, 0, 0, 0, 0, 0, 0, 0, 0, 0, 0, 0, 0, 0, 0, 0, 0, 0, 0, 0, 0, 0, 0, 0, 0, 0, 0, 0, 0, 0, 0, 0, 0, 0),
('Greater Quintessence of Ability Power', 3, 0, 0, 0, 0, 0, 0, 0, 0, 0, 0, 0, 0, 0, 0, 0, 0, 0, 0, 0, 0, 0, 4.95, 0, 0, 0, 0, 0, 0, 0, 0, 0, 0, 0, 0, 0, 0, 0, 0, 0, 0, 0, 0, 0, 0, 0, 0, 0, 0, 0, 0, 0, 0, 0, 0, 0, 0, 0, 0, 0, 0, 0, 0, 0, 0),
('Greater Quintessence of Armor', 3, 0, 0, 0, 0, 0, 0, 0, 0, 0, 0, 0, 0, 4.2632, 0, 0, 0, 0, 0, 0, 0, 0, 0, 0, 0, 0, 0, 0, 0, 0, 0, 0, 0, 0, 0, 0, 0, 0, 0, 0, 0, 0, 0, 0, 0, 0, 0, 0, 0, 0, 0, 0, 0, 0, 0, 0, 0, 0, 0, 0, 0, 0, 0, 0, 0),
('Greater Quintessence of Attack Damage', 3, 0, 0, 0, 0, 0, 0, 0, 0, 0, 0, 0, 0, 0, 0, 0, 0, 0, 0, 2.25, 0, 0, 0, 0, 0, 0, 0, 0, 0, 0, 0, 0, 0, 0, 0, 0, 0, 0, 0, 0, 0, 0, 0, 0, 0, 0, 0, 0, 0, 0, 0, 0, 0, 0, 0, 0, 0, 0, 0, 0, 0, 0, 0, 0, 0),
('Greater Quintessence of Attack Speed', 3, 0, 0, 0, 0, 0, 0, 0, 0, 0, 0, 0, 0, 0, 0, 0, 0, 0, 0, 0, 0, 0, 0, 0, 0, 0, 0, 0, 0, 0, 0.045, 0, 0, 0, 0, 0, 0, 0, 0, 0, 0, 0, 0, 0, 0, 0, 0, 0, 0, 0, 0, 0, 0, 0, 0, 0, 0, 0, 0, 0, 0, 0, 0, 0, 0),
('Greater Quintessence of Cooldown Reduction', 3, 0, 0, 0, 0, 0, 0, 0, 0, 0, 0, 0, 0, 0, 0, 0, 0, 0, 0, 0, 0, 0, 0, 0, 0, 0, 0, 0, 0, 0, 0, 0, 0, 0, 0, 0, 0, 0, 0, 0, 0, 0, 0, 0, 0, 0, 0, 0, -0.025, 0, 0, 0, 0, 0, 0, 0, 0, 0, 0, 0, 0, 0, 0, 0, 0),
('Greater Quintessence of Critical Chance', 3, 0, 0, 0, 0, 0, 0, 0, 0, 0, 0, 0, 0, 0, 0, 0, 0, 0, 0, 0, 0, 0, 0, 0, 0, 0, 0, 0, 0, 0, 0, 0, 0, 0, 0, 0.018557, 0, 0, 0, 0, 0, 0, 0, 0, 0, 0, 0, 0, 0, 0, 0, 0, 0, 0, 0, 0, 0, 0, 0, 0, 0, 0, 0, 0, 0),
('Greater Quintessence of Critical Damage', 3, 0, 0, 0, 0, 0, 0, 0, 0, 0, 0, 0, 0, 0, 0, 0, 0, 0, 0, 0, 0, 0, 0, 0, 0, 0, 0, 0, 0, 0, 0, 0, 0, 0, 0, 0, 0, 0, 0.044628, 0, 0, 0, 0, 0, 0, 0, 0, 0, 0, 0, 0, 0, 0, 0, 0, 0, 0, 0, 0, 0, 0, 0, 0, 0, 0),
('Greater Quintessence of Energy', 3, 0, 0, 0, 0, 0, 0, 0, 0, 0, 0, 0, 0, 0, 0, 0, 0, 0, 0, 0, 0, 0, 0, 0, 0, 0, 0, 0, 0, 0, 0, 0, 0, 0, 0, 0, 0, 0, 0, 0, 0, 0, 0, 0, 0, 0, 0, 0, 0, 0, 0, 0, 0, 0, 0, 0, 0, 0, 0, 0, 0, 5.4, 0, 0, 0),
('Greater Quintessence of Energy Regeneration', 3, 0, 0, 0, 0, 0, 0, 0, 0, 0, 0, 0, 0, 0, 0, 0, 0, 0, 0, 0, 0, 0, 0, 0, 0, 0, 0, 0, 0, 0, 0, 0, 0, 0, 0, 0, 0, 0, 0, 0, 0, 0, 0, 0, 0, 0, 0, 0, 0, 0, 0, 0, 0, 0, 0, 0, 0, 0, 0, 0, 0, 0, 0, 0, 0),
('Greater Quintessence of Experience', 3, 0, 0, 0, 0, 0, 0, 0, 0, 0, 0, 0, 0, 0, 0, 0, 0, 0, 0, 0, 0, 0, 0, 0, 0, 0, 0, 0, 0, 0, 0, 0, 0, 0, 0, 0, 0, 0, 0, 0, 0, 0, 0, 0, 0, 0, 0, 0.02, 0, 0, 0, 0, 0, 0, 0, 0, 0, 0, 0, 0, 0, 0, 0, 0, 0),
('Greater Quintessence of Frosty Health', 3, 26, 0, 0, 0, 0, 0, 0, 0, 0, 0, 0, 0, 0, 0, 0, 0, 0, 0, 0, 0, 0, 0, 0, 0, 0, 0, 0, 0, 0, 0, 0, 0, 0, 0, 0, 0, 0, 0, 0, 0, 0, 0, 0, 0, 0, 0, 0, 0, 0, 0, 0, 0, 0, 0, 0, 0, 0, 0, 0, 0, 0, 0, 0, 0),
('Greater Quintessence of Gold', 3, 0, 0, 0, 0, 0, 0, 0, 0, 0, 0, 0, 0, 0, 0, 0, 0, 0, 0, 0, 0, 0, 0, 0, 0, 0, 0, 0, 0, 0, 0, 0, 0, 0, 0, 0, 0, 0, 0, 0, 0, 0, 0, 0, 0, 0, 0, 0, 0, 0, 0, 0, 0, 0, 1, 0, 0, 0, 0, 0, 0, 0, 0, 0, 0),
('Greater Quintessence of Health', 3, 26, 0, 0, 0, 0, 0, 0, 0, 0, 0, 0, 0, 0, 0, 0, 0, 0, 0, 0, 0, 0, 0, 0, 0, 0, 0, 0, 0, 0, 0, 0, 0, 0, 0, 0, 0, 0, 0, 0, 0, 0, 0, 0, 0, 0, 0, 0, 0, 0, 0, 0, 0, 0, 0, 0, 0, 0, 0, 0, 0, 0, 0, 0, 0),
('Greater Quintessence of Health Regeneration', 3, 0, 0, 0, 0, 0, 0, 0.54, 0, 0, 0, 0, 0, 0, 0, 0, 0, 0, 0, 0, 0, 0, 0, 0, 0, 0, 0, 0, 0, 0, 0, 0, 0, 0, 0, 0, 0, 0, 0, 0, 0, 0, 0, 0, 0, 0, 0, 0, 0, 0, 0, 0, 0, 0, 0, 0, 0, 0, 0, 0, 0, 0, 0, 0, 0),
('Greater Quintessence of Lethality', 3, 0, 0, 0, 0, 0, 0, 0, 0, 0, 0, 0, 0, 0, 0, 0, 0, 0, 0, 0, 0, 0, 0, 0, 0, 0, 0, 0, 0, 0, 0, 0, 0, 0, 0, 0, 0, 0, 0, 0, 0, 0, 0, 0, 0, 0, 0, 0, 0, 0, 0, 0, 0, 0, 0, 0, 0, 0, 0, 0, 0, 0, 0, 0, 0),
('Greater Quintessence of Life Steal', 3, 0, 0, 0, 0, 0, 0, 0, 0, 0, 0, 0, 0, 0, 0, 0, 0, 0, 0, 0, 0, 0, 0, 0, 0, 0, 0, 0, 0, 0, 0, 0, 0, 0, 0, 0, 0, 0, 0, 0, 0, 0, 0, 0, 0, 0, 0, 0, 0, 0, 0, 0, 0, 0, 0, 0, 0, 0, 0, 0, 0, 0, 0, 0.015, 0),
('Greater Quintessence of Magic Penetration', 3, 0, 0, 0, 0, 0, 0, 0, 0, 0, 0, 0, 0, 0, 0, 0, 0, 0, 0, 0, 0, 0, 0, 0, 0, 0, 0, 0, 0, 0, 0, 0, 0, 0, 0, 0, 0, 0, 0, 0, 0, 0, 0, 0, 0, 0, 0, 0, 0, 0, 0, 0, 0, 0, 0, 2.01, 0, 0, 0, 0, 0, 0, 0, 0, 0),
('Greater Quintessence of Magic Resist', 3, 0, 0, 0, 0, 0, 0, 0, 0, 0, 0, 0, 0, 0, 0, 0, 0, 0, 0, 0, 0, 0, 0, 0, 0, 0, 0, 0, 0, 0, 0, 0, 0, 0, 0, 0, 0, 0, 0, 0, 0, 0, 0, 4, 0, 0, 0, 0, 0, 0, 0, 0, 0, 0, 0, 0, 0, 0, 0, 0, 0, 0, 0, 0, 0),
('Greater Quintessence of Mana', 3, 0, 0, 37.5, 0, 0, 0, 0, 0, 0, 0, 0, 0, 0, 0, 0, 0, 0, 0, 0, 0, 0, 0, 0, 0, 0, 0, 0, 0, 0, 0, 0, 0, 0, 0, 0, 0, 0, 0, 0, 0, 0, 0, 0, 0, 0, 0, 0, 0, 0, 0, 0, 0, 0, 0, 0, 0, 0, 0, 0, 0, 0, 0, 0, 0),
('Greater Quintessence of Mana Regeneration', 3, 0, 0, 0, 0, 0, 0, 0, 0, 0, 0.25, 0, 0, 0, 0, 0, 0, 0, 0, 0, 0, 0, 0, 0, 0, 0, 0, 0, 0, 0, 0, 0, 0, 0, 0, 0, 0, 0, 0, 0, 0, 0, 0, 0, 0, 0, 0, 0, 0, 0, 0, 0, 0, 0, 0, 0, 0, 0, 0, 0, 0, 0, 0, 0, 0),
('Greater Quintessence of Movement Speed', 3, 0, 0, 0, 0, 0, 0, 0, 0, 0, 0, 0, 0, 0, 0, 0, 0, 0, 0, 0, 0, 0, 0, 0, 0, 0, 0, 0.015, 0, 0, 0, 0, 0, 0, 0, 0, 0, 0, 0, 0, 0, 0, 0, 0, 0, 0, 0, 0, 0, 0, 0, 0, 0, 0, 0, 0, 0, 0, 0, 0, 0, 0, 0, 0, 0),
('Greater Quintessence of Percent Health', 3, 0, 0, 0, 0, 0.015, 0, 0, 0, 0, 0, 0, 0, 0, 0, 0, 0, 0, 0, 0, 0, 0, 0, 0, 0, 0, 0, 0, 0, 0, 0, 0, 0, 0, 0, 0, 0, 0, 0, 0, 0, 0, 0, 0, 0, 0, 0, 0, 0, 0, 0, 0, 0, 0, 0, 0, 0, 0, 0, 0, 0, 0, 0, 0, 0),
('Greater Quintessence of Precision', 3, 0, 0, 0, 0, 0, 0, 0, 0, 0, 0, 0, 0, 0, 0, 0, 0, 0, 0, 0, 0, 0, 0, 0, 0, 0, 0, 0, 0, 0, 0, 0, 0, 0, 0, 0, 0, 0, 0, 0, 0, 0, 0, 0, 0, 0, 0, 0, 0, 0, 0, 0, 0, 0, 0, 1.4, 0, 0, 0, 0, 0, 0, 0, 0, 0),
('Greater Quintessence of Revival', 3, 0, 0, 0, 0, 0, 0, 0, 0, 0, 0, 0, 0, 0, 0, 0, 0, 0, 0, 0, 0, 0, 0, 0, 0, 0, 0, 0, 0, 0, 0, 0, 0, 0, 0, 0, 0, 0, 0, 0, 0, 0, 0, 0, 0, 0, 0, 0, 0, 0, 0, 0, 0.05, 0, 0, 0, 0, 0, 0, 0, 0, 0, 0, 0, 0),
('Greater Quintessence of Scaling Ability Power', 3, 0, 0, 0, 0, 0, 0, 0, 0, 0, 0, 0, 0, 0, 0, 0, 0, 0, 0, 0, 0, 0, 0, 0.4327, 0, 0, 0, 0, 0, 0, 0, 0, 0, 0, 0, 0, 0, 0, 0, 0, 0, 0, 0, 0, 0, 0, 0, 0, 0, 0, 0, 0, 0, 0, 0, 0, 0, 0, 0, 0, 0, 0, 0, 0, 0),
('Greater Quintessence of Scaling Armor', 3, 0, 0, 0, 0, 0, 0, 0, 0, 0, 0, 0, 0, 0, 0.375, 0, 0, 0, 0, 0, 0, 0, 0, 0, 0, 0, 0, 0, 0, 0, 0, 0, 0, 0, 0, 0, 0, 0, 0, 0, 0, 0, 0, 0, 0, 0, 0, 0, 0, 0, 0, 0, 0, 0, 0, 0, 0, 0, 0, 0, 0, 0, 0, 0, 0),
('Greater Quintessence of Scaling Attack Damage', 3, 0, 0, 0, 0, 0, 0, 0, 0, 0, 0, 0, 0, 0, 0, 0, 0, 0, 0, 0, 0.25, 0, 0, 0, 0, 0, 0, 0, 0, 0, 0, 0, 0, 0, 0, 0, 0, 0, 0, 0, 0, 0, 0, 0, 0, 0, 0, 0, 0, 0, 0, 0, 0, 0, 0, 0, 0, 0, 0, 0, 0, 0, 0, 0, 0),
('Greater Quintessence of Scaling Cooldown Reduction', 3, 0, 0, 0, 0, 0, 0, 0, 0, 0, 0, 0, 0, 0, 0, 0, 0, 0, 0, 0, 0, 0, 0, 0, 0, 0, 0, 0, 0, 0, 0, 0, 0, 0, 0, 0, 0, 0, 0, 0, 0, 0, 0, 0, 0, 0, 0, 0, 0, -0.002778, 0, 0, 0, 0, 0, 0, 0, 0, 0, 0, 0, 0, 0, 0, 0),
('Greater Quintessence of Scaling Health', 3, 0, 2.7043, 0, 0, 0, 0, 0, 0, 0, 0, 0, 0, 0, 0, 0, 0, 0, 0, 0, 0, 0, 0, 0, 0, 0, 0, 0, 0, 0, 0, 0, 0, 0, 0, 0, 0, 0, 0, 0, 0, 0, 0, 0, 0, 0, 0, 0, 0, 0, 0, 0, 0, 0, 0, 0, 0, 0, 0, 0, 0, 0, 0, 0, 0),
('Greater Quintessence of Scaling Health Regeneration', 3, 0, 0, 0, 0, 0, 0, 0, 0.05626, 0, 0, 0, 0, 0, 0, 0, 0, 0, 0, 0, 0, 0, 0, 0, 0, 0, 0, 0, 0, 0, 0, 0, 0, 0, 0, 0, 0, 0, 0, 0, 0, 0, 0, 0, 0, 0, 0, 0, 0, 0, 0, 0, 0, 0, 0, 0, 0, 0, 0, 0, 0, 0, 0, 0, 0),
('Greater Quintessence of Scaling Magic Resist', 3, 0, 0, 0, 0, 0, 0, 0, 0, 0, 0, 0, 0, 0, 0, 0, 0, 0, 0, 0, 0, 0, 0, 0, 0, 0, 0, 0, 0, 0, 0, 0, 0, 0, 0, 0, 0, 0, 0, 0, 0, 0, 0, 0, 0.3711, 0, 0, 0, 0, 0, 0, 0, 0, 0, 0, 0, 0, 0, 0, 0, 0, 0, 0, 0, 0),
('Greater Quintessence of Scaling Mana', 3, 0, 0, 0, 4.1667, 0, 0, 0, 0, 0, 0, 0, 0, 0, 0, 0, 0, 0, 0, 0, 0, 0, 0, 0, 0, 0, 0, 0, 0, 0, 0, 0, 0, 0, 0, 0, 0, 0, 0, 0, 0, 0, 0, 0, 0, 0, 0, 0, 0, 0, 0, 0, 0, 0, 0, 0, 0, 0, 0, 0, 0, 0, 0, 0, 0),
('Greater Quintessence of Scaling Mana Regeneration', 3, 0, 0, 0, 0, 0, 0, 0, 0, 0, 0, 0.04882, 0, 0, 0, 0, 0, 0, 0, 0, 0, 0, 0, 0, 0, 0, 0, 0, 0, 0, 0, 0, 0, 0, 0, 0, 0, 0, 0, 0, 0, 0, 0, 0, 0, 0, 0, 0, 0, 0, 0, 0, 0, 0, 0, 0, 0, 0, 0, 0, 0, 0, 0, 0, 0),
('Greater Quintessence of Spell Vamp', 3, 0, 0, 0, 0, 0, 0, 0, 0, 0, 0, 0, 0, 0, 0, 0, 0, 0, 0, 0, 0, 0, 0, 0, 0, 0, 0, 0, 0, 0, 0, 0, 0, 0, 0, 0, 0, 0, 0, 0, 0, 0, 0, 0, 0, 0, 0, 0, 0, 0, 0, 0, 0, 0, 0, 0, 0, 0, 0, 0, 0, 0, 0, 0, 0.02),
('Greater Quintessence of Studio Rumble', 3, 0, 0, 0, 0, 0, 0, 0, 0, 0, 0, 0, 0, 0, 0, 0, 0, 0, 0, 0, 0, 0, 0, 0, 0, 0, 0, 0.015, 0, 0, 0, 0, 0, 0, 0, 0, 0, 0, 0, 0, 0, 0, 0, 0, 0, 0, 0, 0, 0, 0, 0, 0, 0, 0, 0, 0, 0, 0, 0, 0, 0, 0, 0, 0, 0),
('Greater Quintessence of Sugar Rush', 3, 0, 0, 0, 0, 0, 0, 0, 0, 0, 0, 0, 0, 0, 0, 0, 0, 0, 0, 0, 0, 0, 0, 0, 0, 0, 0, 0.015, 0, 0, 0, 0, 0, 0, 0, 0, 0, 0, 0, 0, 0, 0, 0, 0, 0, 0, 0, 0, 0, 0, 0, 0, 0, 0, 0, 0, 0, 0, 0, 0, 0, 0, 0, 0, 0),
('Greater Quintessence of the Deadly Wreath', 3, 0, 0, 0, 0, 0, 0, 0, 0, 0, 0, 0, 0, 0, 0, 0, 0, 0, 0, 0, 0, 0, 0, 0, 0, 0, 0, 0, 0, 0, 0, 0, 0, 0, 0, 0, 0, 0, 0, 0, 0, 0, 0, 0, 0, 0, 0, 0, 0, 0, 0, 0, 0, 0, 0, 0, 0, 0, 0, 0, 0, 0, 0, 0, 0),
('Greater Quintessence of the Piercing Present', 3, 0, 0, 0, 0, 0, 0, 0, 0, 0, 0, 0, 0, 0, 0, 0, 0, 0, 0, 0, 0, 0, 0, 0, 0, 0, 0, 0, 0, 0, 0, 0, 0, 0, 0, 0, 0, 0, 0, 0, 0, 0, 0, 0, 0, 0, 0, 0, 0, 0, 0, 0, 0, 0, 0, 2.01, 0, 0, 0, 0, 0, 0, 0, 0, 0),
('Greater Seal of Ability Power', 3, 0, 0, 0, 0, 0, 0, 0, 0, 0, 0, 0, 0, 0, 0, 0, 0, 0, 0, 0, 0, 0, 0.594, 0, 0, 0, 0, 0, 0, 0, 0, 0, 0, 0, 0, 0, 0, 0, 0, 0, 0, 0, 0, 0, 0, 0, 0, 0, 0, 0, 0, 0, 0, 0, 0, 0, 0, 0, 0, 0, 0, 0, 0, 0, 0),
('Greater Seal of Armor', 3, 0, 0, 0, 0, 0, 0, 0, 0, 0, 0, 0, 0, 1, 0, 0, 0, 0, 0, 0, 0, 0, 0, 0, 0, 0, 0, 0, 0, 0, 0, 0, 0, 0, 0, 0, 0, 0, 0, 0, 0, 0, 0, 0, 0, 0, 0, 0, 0, 0, 0, 0, 0, 0, 0, 0, 0, 0, 0, 0, 0, 0, 0, 0, 0),
('Greater Seal of Attack Damage', 3, 0, 0, 0, 0, 0, 0, 0, 0, 0, 0, 0, 0, 0, 0, 0, 0, 0, 0, 0.4254, 0, 0, 0, 0, 0, 0, 0, 0, 0, 0, 0, 0, 0, 0, 0, 0, 0, 0, 0, 0, 0, 0, 0, 0, 0, 0, 0, 0, 0, 0, 0, 0, 0, 0, 0, 0, 0, 0, 0, 0, 0, 0, 0, 0, 0),
('Greater Seal of Attack Speed', 3, 0, 0, 0, 0, 0, 0, 0, 0, 0, 0, 0, 0, 0, 0, 0, 0, 0, 0, 0, 0, 0, 0, 0, 0, 0, 0, 0, 0, 0, 0.007642, 0, 0, 0, 0, 0, 0, 0, 0, 0, 0, 0, 0, 0, 0, 0, 0, 0, 0, 0, 0, 0, 0, 0, 0, 0, 0, 0, 0, 0, 0, 0, 0, 0, 0),
('Greater Seal of Cooldown Reduction', 3, 0, 0, 0, 0, 0, 0, 0, 0, 0, 0, 0, 0, 0, 0, 0, 0, 0, 0, 0, 0, 0, 0, 0, 0, 0, 0, 0, 0, 0, 0, 0, 0, 0, 0, 0, 0, 0, 0, 0, 0, 0, 0, 0, 0, 0, 0, 0, -0.003556, 0, 0, 0, 0, 0, 0, 0, 0, 0, 0, 0, 0, 0, 0, 0, 0),
('Greater Seal of Critical Chance', 3, 0, 0, 0, 0, 0, 0, 0, 0, 0, 0, 0, 0, 0, 0, 0, 0, 0, 0, 0, 0, 0, 0, 0, 0, 0, 0, 0, 0, 0, 0, 0, 0, 0, 0, 0.004175, 0, 0, 0, 0, 0, 0, 0, 0, 0, 0, 0, 0, 0, 0, 0, 0, 0, 0, 0, 0, 0, 0, 0, 0, 0, 0, 0, 0, 0),
('Greater Seal of Critical Damage', 3, 0, 0, 0, 0, 0, 0, 0, 0, 0, 0, 0, 0, 0, 0, 0, 0, 0, 0, 0, 0, 0, 0, 0, 0, 0, 0, 0, 0, 0, 0, 0, 0, 0, 0, 0, 0, 0, 0.00781, 0, 0, 0, 0, 0, 0, 0, 0, 0, 0, 0, 0, 0, 0, 0, 0, 0, 0, 0, 0, 0, 0, 0, 0, 0, 0),
('Greater Seal of Energy Regeneration', 3, 0, 0, 0, 0, 0, 0, 0, 0, 0, 0, 0, 0, 0, 0, 0, 0, 0, 0, 0, 0, 0, 0, 0, 0, 0, 0, 0, 0, 0, 0, 0, 0, 0, 0, 0, 0, 0, 0, 0, 0, 0, 0, 0, 0, 0, 0, 0, 0, 0, 0, 0, 0, 0, 0, 0, 0, 0, 0, 0, 0, 0, 0, 0, 0),
('Greater Seal of Gold', 3, 0, 0, 0, 0, 0, 0, 0, 0, 0, 0, 0, 0, 0, 0, 0, 0, 0, 0, 0, 0, 0, 0, 0, 0, 0, 0, 0, 0, 0, 0, 0, 0, 0, 0, 0, 0, 0, 0, 0, 0, 0, 0, 0, 0, 0, 0, 0, 0, 0, 0, 0, 0, 0, 0.25, 0, 0, 0, 0, 0, 0, 0, 0, 0, 0),
('Greater Seal of Health', 3, 8, 0, 0, 0, 0, 0, 0, 0, 0, 0, 0, 0, 0, 0, 0, 0, 0, 0, 0, 0, 0, 0, 0, 0, 0, 0, 0, 0, 0, 0, 0, 0, 0, 0, 0, 0, 0, 0, 0, 0, 0, 0, 0, 0, 0, 0, 0, 0, 0, 0, 0, 0, 0, 0, 0, 0, 0, 0, 0, 0, 0, 0, 0, 0),
('Greater Seal of Health Regeneration', 3, 0, 0, 0, 0, 0, 0, 0.1112, 0, 0, 0, 0, 0, 0, 0, 0, 0, 0, 0, 0, 0, 0, 0, 0, 0, 0, 0, 0, 0, 0, 0, 0, 0, 0, 0, 0, 0, 0, 0, 0, 0, 0, 0, 0, 0, 0, 0, 0, 0, 0, 0, 0, 0, 0, 0, 0, 0, 0, 0, 0, 0, 0, 0, 0, 0),
('Greater Seal of Magic Resist', 3, 0, 0, 0, 0, 0, 0, 0, 0, 0, 0, 0, 0, 0, 0, 0, 0, 0, 0, 0, 0, 0, 0, 0, 0, 0, 0, 0, 0, 0, 0, 0, 0, 0, 0, 0, 0, 0, 0, 0, 0, 0, 0, 0.7425, 0, 0, 0, 0, 0, 0, 0, 0, 0, 0, 0, 0, 0, 0, 0, 0, 0, 0, 0, 0, 0),
('Greater Seal of Mana', 3, 0, 0, 6.8906, 0, 0, 0, 0, 0, 0, 0, 0, 0, 0, 0, 0, 0, 0, 0, 0, 0, 0, 0, 0, 0, 0, 0, 0, 0, 0, 0, 0, 0, 0, 0, 0, 0, 0, 0, 0, 0, 0, 0, 0, 0, 0, 0, 0, 0, 0, 0, 0, 0, 0, 0, 0, 0, 0, 0, 0, 0, 0, 0, 0, 0),
('Greater Seal of Mana Regeneration', 3, 0, 0, 0, 0, 0, 0, 0, 0, 0, 0.08126, 0, 0, 0, 0, 0, 0, 0, 0, 0, 0, 0, 0, 0, 0, 0, 0, 0, 0, 0, 0, 0, 0, 0, 0, 0, 0, 0, 0, 0, 0, 0, 0, 0, 0, 0, 0, 0, 0, 0, 0, 0, 0, 0, 0, 0, 0, 0, 0, 0, 0, 0, 0, 0, 0),
('Greater Seal of Percent Health', 3, 0, 0, 0, 0, 0.005, 0, 0, 0, 0, 0, 0, 0, 0, 0, 0, 0, 0, 0, 0, 0, 0, 0, 0, 0, 0, 0, 0, 0, 0, 0, 0, 0, 0, 0, 0, 0, 0, 0, 0, 0, 0, 0, 0, 0, 0, 0, 0, 0, 0, 0, 0, 0, 0, 0, 0, 0, 0, 0, 0, 0, 0, 0, 0, 0),
('Greater Seal of Scaling Ability Power', 3, 0, 0, 0, 0, 0, 0, 0, 0, 0, 0, 0, 0, 0, 0, 0, 0, 0, 0, 0, 0, 0, 0, 0.1038, 0, 0, 0, 0, 0, 0, 0, 0, 0, 0, 0, 0, 0, 0, 0, 0, 0, 0, 0, 0, 0, 0, 0, 0, 0, 0, 0, 0, 0, 0, 0, 0, 0, 0, 0, 0, 0, 0, 0, 0, 0),
('Greater Seal of Scaling Armor', 3, 0, 0, 0, 0, 0, 0, 0, 0, 0, 0, 0, 0, 0, 0.16667, 0, 0, 0, 0, 0, 0, 0, 0, 0, 0, 0, 0, 0, 0, 0, 0, 0, 0, 0, 0, 0, 0, 0, 0, 0, 0, 0, 0, 0, 0, 0, 0, 0, 0, 0, 0, 0, 0, 0, 0, 0, 0, 0, 0, 0, 0, 0, 0, 0, 0),
('Greater Seal of Scaling Attack Damage', 3, 0, 0, 0, 0, 0, 0, 0, 0, 0, 0, 0, 0, 0, 0, 0, 0, 0, 0, 0, 0.0608, 0, 0, 0, 0, 0, 0, 0, 0, 0, 0, 0, 0, 0, 0, 0, 0, 0, 0, 0, 0, 0, 0, 0, 0, 0, 0, 0, 0, 0, 0, 0, 0, 0, 0, 0, 0, 0, 0, 0, 0, 0, 0, 0, 0),
('Greater Seal of Scaling Energy Regeneration', 3, 0, 0, 0, 0, 0, 0, 0, 0, 0, 0, 0, 0, 0, 0, 0, 0, 0, 0, 0, 0, 0, 0, 0, 0, 0, 0, 0, 0, 0, 0, 0, 0, 0, 0, 0, 0, 0, 0, 0, 0, 0, 0, 0, 0, 0, 0, 0, 0, 0, 0, 0, 0, 0, 0, 0, 0, 0, 0, 0.01283, 0.01283, 0, 0, 0, 0),
('Greater Seal of Scaling Health', 3, 0, 1.3334, 0, 0, 0, 0, 0, 0, 0, 0, 0, 0, 0, 0, 0, 0, 0, 0, 0, 0, 0, 0, 0, 0, 0, 0, 0, 0, 0, 0, 0, 0, 0, 0, 0, 0, 0, 0, 0, 0, 0, 0, 0, 0, 0, 0, 0, 0, 0, 0, 0, 0, 0, 0, 0, 0, 0, 0, 0, 0, 0, 0, 0, 0),
('Greater Seal of Scaling Health Regeneration', 3, 0, 0, 0, 0, 0, 0, 0, 0.0225, 0, 0, 0, 0, 0, 0, 0, 0, 0, 0, 0, 0, 0, 0, 0, 0, 0, 0, 0, 0, 0, 0, 0, 0, 0, 0, 0, 0, 0, 0, 0, 0, 0, 0, 0, 0, 0, 0, 0, 0, 0, 0, 0, 0, 0, 0, 0, 0, 0, 0, 0, 0, 0, 0, 0, 0),
('Greater Seal of Scaling Magic Resist', 3, 0, 0, 0, 0, 0, 0, 0, 0, 0, 0, 0, 0, 0, 0, 0, 0, 0, 0, 0, 0, 0, 0, 0, 0, 0, 0, 0, 0, 0, 0, 0, 0, 0, 0, 0, 0, 0, 0, 0, 0, 0, 0, 0, 0.0965, 0, 0, 0, 0, 0, 0, 0, 0, 0, 0, 0, 0, 0, 0, 0, 0, 0, 0, 0, 0),
('Greater Seal of Scaling Mana', 3, 0, 0, 0, 1.1667, 0, 0, 0, 0, 0, 0, 0, 0, 0, 0, 0, 0, 0, 0, 0, 0, 0, 0, 0, 0, 0, 0, 0, 0, 0, 0, 0, 0, 0, 0, 0, 0, 0, 0, 0, 0, 0, 0, 0, 0, 0, 0, 0, 0, 0, 0, 0, 0, 0, 0, 0, 0, 0, 0, 0, 0, 0, 0, 0, 0),
('Greater Seal of Scaling Mana Regeneration', 3, 0, 0, 0, 0, 0, 0, 0, 0, 0, 0, 0.013, 0, 0, 0, 0, 0, 0, 0, 0, 0, 0, 0, 0, 0, 0, 0, 0, 0, 0, 0, 0, 0, 0, 0, 0, 0, 0, 0, 0, 0, 0, 0, 0, 0, 0, 0, 0, 0, 0, 0, 0, 0, 0, 0, 0, 0, 0, 0, 0, 0, 0, 0, 0, 0),
('Lesser Glyph of Ability Power', 1, 0, 0, 0, 0, 0, 0, 0, 0, 0, 0, 0, 0, 0, 0, 0, 0, 0, 0, 0, 0, 0, 0.66, 0, 0, 0, 0, 0, 0, 0, 0, 0, 0, 0, 0, 0, 0, 0, 0, 0, 0, 0, 0, 0, 0, 0, 0, 0, 0, 0, 0, 0, 0, 0, 0, 0, 0, 0, 0, 0, 0, 0, 0, 0, 0),
('Lesser Glyph of Armor', 1, 0, 0, 0, 0, 0, 0, 0, 0, 0, 0, 0, 0, 0.3908, 0, 0, 0, 0, 0, 0, 0, 0, 0, 0, 0, 0, 0, 0, 0, 0, 0, 0, 0, 0, 0, 0, 0, 0, 0, 0, 0, 0, 0, 0, 0, 0, 0, 0, 0, 0, 0, 0, 0, 0, 0, 0, 0, 0, 0, 0, 0, 0, 0, 0, 0),
('Lesser Glyph of Attack Damage', 1, 0, 0, 0, 0, 0, 0, 0, 0, 0, 0, 0, 0, 0, 0, 0, 0, 0, 0, 0.1575, 0, 0, 0, 0, 0, 0, 0, 0, 0, 0, 0, 0, 0, 0, 0, 0, 0, 0, 0, 0, 0, 0, 0, 0, 0, 0, 0, 0, 0, 0, 0, 0, 0, 0, 0, 0, 0, 0, 0, 0, 0, 0, 0, 0, 0),
('Lesser Glyph of Attack Speed', 1, 0, 0, 0, 0, 0, 0, 0, 0, 0, 0, 0, 0, 0, 0, 0, 0, 0, 0, 0, 0, 0, 0, 0, 0, 0, 0, 0, 0, 0, 0.003538, 0, 0, 0, 0, 0, 0, 0, 0, 0, 0, 0, 0, 0, 0, 0, 0, 0, 0, 0, 0, 0, 0, 0, 0, 0, 0, 0, 0, 0, 0, 0, 0, 0, 0),
('Lesser Glyph of Cooldown Reduction', 1, 0, 0, 0, 0, 0, 0, 0, 0, 0, 0, 0, 0, 0, 0, 0, 0, 0, 0, 0, 0, 0, 0, 0, 0, 0, 0, 0, 0, 0, 0, 0, 0, 0, 0, 0, 0, 0, 0, 0, 0, 0, 0, 0, 0, 0, 0, 0, -0.0047, 0, 0, 0, 0, 0, 0, 0, 0, 0, 0, 0, 0, 0, 0, 0, 0),
('Lesser Glyph of Critical Chance', 1, 0, 0, 0, 0, 0, 0, 0, 0, 0, 0, 0, 0, 0, 0, 0, 0, 0, 0, 0, 0, 0, 0, 0, 0, 0, 0, 0, 0, 0, 0, 0, 0, 0, 0, 0.001546, 0, 0, 0, 0, 0, 0, 0, 0, 0, 0, 0, 0, 0, 0, 0, 0, 0, 0, 0, 0, 0, 0, 0, 0, 0, 0, 0, 0, 0),
('Lesser Glyph of Critical Damage', 1, 0, 0, 0, 0, 0, 0, 0, 0, 0, 0, 0, 0, 0, 0, 0, 0, 0, 0, 0, 0, 0, 0, 0, 0, 0, 0, 0, 0, 0, 0, 0, 0, 0, 0, 0, 0, 0, 0.003099, 0, 0, 0, 0, 0, 0, 0, 0, 0, 0, 0, 0, 0, 0, 0, 0, 0, 0, 0, 0, 0, 0, 0, 0, 0, 0),
('Lesser Glyph of Health', 1, 1.485, 0, 0, 0, 0, 0, 0, 0, 0, 0, 0, 0, 0, 0, 0, 0, 0, 0, 0, 0, 0, 0, 0, 0, 0, 0, 0, 0, 0, 0, 0, 0, 0, 0, 0, 0, 0, 0, 0, 0, 0, 0, 0, 0, 0, 0, 0, 0, 0, 0, 0, 0, 0, 0, 0, 0, 0, 0, 0, 0, 0, 0, 0, 0),
('Lesser Glyph of Health Regeneration', 1, 0, 0, 0, 0, 0, 0, 0.03, 0, 0, 0, 0, 0, 0, 0, 0, 0, 0, 0, 0, 0, 0, 0, 0, 0, 0, 0, 0, 0, 0, 0, 0, 0, 0, 0, 0, 0, 0, 0, 0, 0, 0, 0, 0, 0, 0, 0, 0, 0, 0, 0, 0, 0, 0, 0, 0, 0, 0, 0, 0, 0, 0, 0, 0, 0),
('Lesser Glyph of Magic Penetration', 1, 0, 0, 0, 0, 0, 0, 0, 0, 0, 0, 0, 0, 0, 0, 0, 0, 0, 0, 0, 0, 0, 0, 0, 0, 0, 0, 0, 0, 0, 0, 0, 0, 0, 0, 0, 0, 0, 0, 0, 0, 0, 0, 0, 0, 0, 0, 0, 0, 0, 0, 0, 0, 0, 0, 0.35, 0, 0, 0, 0, 0, 0, 0, 0, 0),
('Lesser Glyph of Magic Resist', 1, 0, 0, 0, 0, 0, 0, 0, 0, 0, 0, 0, 0, 0, 0, 0, 0, 0, 0, 0, 0, 0, 0, 0, 0, 0, 0, 0, 0, 0, 0, 0, 0, 0, 0, 0, 0, 0, 0, 0, 0, 0, 0, 0.74, 0, 0, 0, 0, 0, 0, 0, 0, 0, 0, 0, 0, 0, 0, 0, 0, 0, 0, 0, 0, 0),
('Lesser Glyph of Mana', 1, 0, 0, 6.25, 0, 0, 0, 0, 0, 0, 0, 0, 0, 0, 0, 0, 0, 0, 0, 0, 0, 0, 0, 0, 0, 0, 0, 0, 0, 0, 0, 0, 0, 0, 0, 0, 0, 0, 0, 0, 0, 0, 0, 0, 0, 0, 0, 0, 0, 0, 0, 0, 0, 0, 0, 0, 0, 0, 0, 0, 0, 0, 0, 0, 0),
('Lesser Glyph of Mana Regeneration', 1, 0, 0, 0, 0, 0, 0, 0, 0, 0, 0.038, 0, 0, 0, 0, 0, 0, 0, 0, 0, 0, 0, 0, 0, 0, 0, 0, 0, 0, 0, 0, 0, 0, 0, 0, 0, 0, 0, 0, 0, 0, 0, 0, 0, 0, 0, 0, 0, 0, 0, 0, 0, 0, 0, 0, 0, 0, 0, 0, 0, 0, 0, 0, 0, 0),
('Lesser Glyph of Scaling Ability Power', 1, 0, 0, 0, 0, 0, 0, 0, 0, 0, 0, 0, 0, 0, 0, 0, 0, 0, 0, 0, 0, 0, 0, 0.0962, 0, 0, 0, 0, 0, 0, 0, 0, 0, 0, 0, 0, 0, 0, 0, 0, 0, 0, 0, 0, 0, 0, 0, 0, 0, 0, 0, 0, 0, 0, 0, 0, 0, 0, 0, 0, 0, 0, 0, 0, 0),
('Lesser Glyph of Scaling Attack Damage', 1, 0, 0, 0, 0, 0, 0, 0, 0, 0, 0, 0, 0, 0, 0, 0, 0, 0, 0, 0, 0.0225, 0, 0, 0, 0, 0, 0, 0, 0, 0, 0, 0, 0, 0, 0, 0, 0, 0, 0, 0, 0, 0, 0, 0, 0, 0, 0, 0, 0, 0, 0, 0, 0, 0, 0, 0, 0, 0, 0, 0, 0, 0, 0, 0, 0),
('Lesser Glyph of Scaling Cooldown Reduction', 1, 0, 0, 0, 0, 0, 0, 0, 0, 0, 0, 0, 0, 0, 0, 0, 0, 0, 0, 0, 0, 0, 0, 0, 0, 0, 0, 0, 0, 0, 0, 0, 0, 0, 0, 0, 0, 0, 0, 0, 0, 0, 0, 0, 0, 0, 0, 0, 0, -0.00051667, 0, 0, 0, 0, 0, 0, 0, 0, 0, 0, 0, 0, 0, 0, 0),
('Lesser Glyph of Scaling Health', 1, 0, 0.3005, 0, 0, 0, 0, 0, 0, 0, 0, 0, 0, 0, 0, 0, 0, 0, 0, 0, 0, 0, 0, 0, 0, 0, 0, 0, 0, 0, 0, 0, 0, 0, 0, 0, 0, 0, 0, 0, 0, 0, 0, 0, 0, 0, 0, 0, 0, 0, 0, 0, 0, 0, 0, 0, 0, 0, 0, 0, 0, 0, 0, 0, 0),
('Lesser Glyph of Scaling Magic Resist', 1, 0, 0, 0, 0, 0, 0, 0, 0, 0, 0, 0, 0, 0, 0, 0, 0, 0, 0, 0, 0, 0, 0, 0, 0, 0, 0, 0, 0, 0, 0, 0, 0, 0, 0, 0, 0, 0, 0, 0, 0, 0, 0, 0, 0.09333, 0, 0, 0, 0, 0, 0, 0, 0, 0, 0, 0, 0, 0, 0, 0, 0, 0, 0, 0, 0),
('Lesser Glyph of Scaling Mana', 1, 0, 0, 0, 0.787, 0, 0, 0, 0, 0, 0, 0, 0, 0, 0, 0, 0, 0, 0, 0, 0, 0, 0, 0, 0, 0, 0, 0, 0, 0, 0, 0, 0, 0, 0, 0, 0, 0, 0, 0, 0, 0, 0, 0, 0, 0, 0, 0, 0, 0, 0, 0, 0, 0, 0, 0, 0, 0, 0, 0, 0, 0, 0, 0, 0),
('Lesser Glyph of Scaling Mana Regeneration', 1, 0, 0, 0, 0, 0, 0, 0, 0, 0, 0, 0.007444, 0, 0, 0, 0, 0, 0, 0, 0, 0, 0, 0, 0, 0, 0, 0, 0, 0, 0, 0, 0, 0, 0, 0, 0, 0, 0, 0, 0, 0, 0, 0, 0, 0, 0, 0, 0, 0, 0, 0, 0, 0, 0, 0, 0, 0, 0, 0, 0, 0, 0, 0, 0, 0),
('Lesser Glyph of the Challenger', 1, 0, 0, 0, 0, 0, 0, 0, 0, 0, 0, 0, 0, 0, 0, 0, 0, 0, 0, 0, 0, 0, 0.66, 0, 0, 0, 0, 0, 0, 0, 0, 0, 0, 0, 0, 0, 0, 0, 0, 0, 0, 0, 0, 0, 0, 0, 0, 0, 0, 0, 0, 0, 0, 0, 0, 0, 0, 0, 0, 0, 0, 0, 0, 0, 0),
('Lesser Glyph of the Gracious Gift', 1, 0, 0, 0, 0, 0, 0, 0, 0, 0, 0, 0, 0, 0, 0, 0, 0, 0, 0, 0, 0, 0, 0, 0.1154, 0, 0, 0, 0, 0, 0, 0, 0, 0, 0, 0, 0, 0, 0, 0, 0, 0, 0, 0, 0, 0, 0, 0, 0, 0, 0, 0, 0, 0, 0, 0, 0, 0, 0, 0, 0, 0, 0, 0, 0, 0),
('Lesser Mark of Ability Power', 1, 0, 0, 0, 0, 0, 0, 0, 0, 0, 0, 0, 0, 0, 0, 0, 0, 0, 0, 0, 0, 0, 0.33, 0, 0, 0, 0, 0, 0, 0, 0, 0, 0, 0, 0, 0, 0, 0, 0, 0, 0, 0, 0, 0, 0, 0, 0, 0, 0, 0, 0, 0, 0, 0, 0, 0, 0, 0, 0, 0, 0, 0, 0, 0, 0),
('Lesser Mark of Alpine Attack Speed', 1, 0, 0, 0, 0, 0, 0, 0, 0, 0, 0, 0, 0, 0, 0, 0, 0, 0, 0, 0, 0, 0, 0, 0, 0, 0, 0, 0, 0, 0, 0.011321, 0, 0, 0, 0, 0, 0, 0, 0, 0, 0, 0, 0, 0, 0, 0, 0, 0, 0, 0, 0, 0, 0, 0, 0, 0, 0, 0, 0, 0, 0, 0, 0, 0, 0),
('Lesser Mark of Armor', 1, 0, 0, 0, 0, 0, 0, 0, 0, 0, 0, 0, 0, 0.508, 0, 0, 0, 0, 0, 0, 0, 0, 0, 0, 0, 0, 0, 0, 0, 0, 0, 0, 0, 0, 0, 0, 0, 0, 0, 0, 0, 0, 0, 0, 0, 0, 0, 0, 0, 0, 0, 0, 0, 0, 0, 0, 0, 0, 0, 0, 0, 0, 0, 0, 0),
('Lesser Mark of Attack Damage', 1, 0, 0, 0, 0, 0, 0, 0, 0, 0, 0, 0, 0, 0, 0, 0, 0, 0, 0, 0.525, 0, 0, 0, 0, 0, 0, 0, 0, 0, 0, 0, 0, 0, 0, 0, 0, 0, 0, 0, 0, 0, 0, 0, 0, 0, 0, 0, 0, 0, 0, 0, 0, 0, 0, 0, 0, 0, 0, 0, 0, 0, 0, 0, 0, 0),
('Lesser Mark of Attack Speed', 1, 0, 0, 0, 0, 0, 0, 0, 0, 0, 0, 0, 0, 0, 0, 0, 0, 0, 0, 0, 0, 0, 0, 0, 0, 0, 0, 0, 0, 0, 0.009434, 0, 0, 0, 0, 0, 0, 0, 0, 0, 0, 0, 0, 0, 0, 0, 0, 0, 0, 0, 0, 0, 0, 0, 0, 0, 0, 0, 0, 0, 0, 0, 0, 0, 0),
('Lesser Mark of Cooldown Reduction', 1, 0, 0, 0, 0, 0, 0, 0, 0, 0, 0, 0, 0, 0, 0, 0, 0, 0, 0, 0, 0, 0, 0, 0, 0, 0, 0, 0, 0, 0, 0, 0, 0, 0, 0, 0, 0, 0, 0, 0, 0, 0, 0, 0, 0, 0, 0, 0, -0.001112, 0, 0, 0, 0, 0, 0, 0, 0, 0, 0, 0, 0, 0, 0, 0, 0),
('Lesser Mark of Critical Chance', 1, 0, 0, 0, 0, 0, 0, 0, 0, 0, 0, 0, 0, 0, 0, 0, 0, 0, 0, 0, 0, 0, 0, 0, 0, 0, 0, 0, 0, 0, 0, 0, 0, 0, 0, 0.005155, 0, 0, 0, 0, 0, 0, 0, 0, 0, 0, 0, 0, 0, 0, 0, 0, 0, 0, 0, 0, 0, 0, 0, 0, 0, 0, 0, 0, 0),
('Lesser Mark of Critical Damage', 1, 0, 0, 0, 0, 0, 0, 0, 0, 0, 0, 0, 0, 0, 0, 0, 0, 0, 0, 0, 0, 0, 0, 0, 0, 0, 0, 0, 0, 0, 0, 0, 0, 0, 0, 0, 0, 0, 0.012397, 0, 0, 0, 0, 0, 0, 0, 0, 0, 0, 0, 0, 0, 0, 0, 0, 0, 0, 0, 0, 0, 0, 0, 0, 0, 0),
('Lesser Mark of Health', 1, 1.9305, 0, 0, 0, 0, 0, 0, 0, 0, 0, 0, 0, 0, 0, 0, 0, 0, 0, 0, 0, 0, 0, 0, 0, 0, 0, 0, 0, 0, 0, 0, 0, 0, 0, 0, 0, 0, 0, 0, 0, 0, 0, 0, 0, 0, 0, 0, 0, 0, 0, 0, 0, 0, 0, 0, 0, 0, 0, 0, 0, 0, 0, 0, 0),
('Lesser Mark of Lethality', 1, 0, 0, 0, 0, 0, 0, 0, 0, 0, 0, 0, 0, 0, 0, 0, 0, 0, 0, 0, 0, 0, 0, 0, 0, 0, 0, 0, 0, 0, 0, 0, 0, 0, 0, 0, 0, 0, 0, 0, 0, 0, 0, 0, 0, 0, 0, 0, 0, 0, 0, 0, 0, 0, 0, 0, 0, 0, 0, 0, 0, 0, 0, 0, 0),
('Lesser Mark of Magic Penetration', 1, 0, 0, 0, 0, 0, 0, 0, 0, 0, 0, 0, 0, 0, 0, 0, 0, 0, 0, 0, 0, 0, 0, 0, 0, 0, 0, 0, 0, 0, 0, 0, 0, 0, 0, 0, 0, 0, 0, 0, 0, 0, 0, 0, 0, 0, 0, 0, 0, 0, 0, 0, 0, 0, 0, 0.49, 0, 0, 0, 0, 0, 0, 0, 0, 0),
('Lesser Mark of Magic Resist', 1, 0, 0, 0, 0, 0, 0, 0, 0, 0, 0, 0, 0, 0, 0, 0, 0, 0, 0, 0, 0, 0, 0, 0, 0, 0, 0, 0, 0, 0, 0, 0, 0, 0, 0, 0, 0, 0, 0, 0, 0, 0, 0, 0.43, 0, 0, 0, 0, 0, 0, 0, 0, 0, 0, 0, 0, 0, 0, 0, 0, 0, 0, 0, 0, 0),
('Lesser Mark of Mana', 1, 0, 0, 3.2813, 0, 0, 0, 0, 0, 0, 0, 0, 0, 0, 0, 0, 0, 0, 0, 0, 0, 0, 0, 0, 0, 0, 0, 0, 0, 0, 0, 0, 0, 0, 0, 0, 0, 0, 0, 0, 0, 0, 0, 0, 0, 0, 0, 0, 0, 0, 0, 0, 0, 0, 0, 0, 0, 0, 0, 0, 0, 0, 0, 0, 0),
('Lesser Mark of Mana Regeneration', 1, 0, 0, 0, 0, 0, 0, 0, 0, 0, 0.02916, 0, 0, 0, 0, 0, 0, 0, 0, 0, 0, 0, 0, 0, 0, 0, 0, 0, 0, 0, 0, 0, 0, 0, 0, 0, 0, 0, 0, 0, 0, 0, 0, 0, 0, 0, 0, 0, 0, 0, 0, 0, 0, 0, 0, 0, 0, 0, 0, 0, 0, 0, 0, 0, 0),
('Lesser Mark of Precision', 1, 0, 0, 0, 0, 0, 0, 0, 0, 0, 0, 0, 0, 0, 0, 0, 0, 0, 0, 0, 0, 0, 0, 0, 0, 0, 0, 0, 0, 0, 0, 0, 0, 0, 0, 0, 0, 0, 0, 0, 0, 0, 0, 0, 0, 0, 0, 0, 0, 0, 0, 0, 0, 0, 0, 0.34, 0, 0, 0, 0, 0, 0, 0, 0, 0),
('Lesser Mark of Scaling Ability Power', 1, 0, 0, 0, 0, 0, 0, 0, 0, 0, 0, 0, 0, 0, 0, 0, 0, 0, 0, 0, 0, 0, 0, 0.0577, 0, 0, 0, 0, 0, 0, 0, 0, 0, 0, 0, 0, 0, 0, 0, 0, 0, 0, 0, 0, 0, 0, 0, 0, 0, 0, 0, 0, 0, 0, 0, 0, 0, 0, 0, 0, 0, 0, 0, 0, 0),
('Lesser Mark of Scaling Attack Damage', 1, 0, 0, 0, 0, 0, 0, 0, 0, 0, 0, 0, 0, 0, 0, 0, 0, 0, 0, 0, 0.075, 0, 0, 0, 0, 0, 0, 0, 0, 0, 0, 0, 0, 0, 0, 0, 0, 0, 0, 0, 0, 0, 0, 0, 0, 0, 0, 0, 0, 0, 0, 0, 0, 0, 0, 0, 0, 0, 0, 0, 0, 0, 0, 0, 0),
('Lesser Mark of Scaling Health', 1, 0, 0.3005, 0, 0, 0, 0, 0, 0, 0, 0, 0, 0, 0, 0, 0, 0, 0, 0, 0, 0, 0, 0, 0, 0, 0, 0, 0, 0, 0, 0, 0, 0, 0, 0, 0, 0, 0, 0, 0, 0, 0, 0, 0, 0, 0, 0, 0, 0, 0, 0, 0, 0, 0, 0, 0, 0, 0, 0, 0, 0, 0, 0, 0, 0),
('Lesser Mark of Scaling Magic Resist', 1, 0, 0, 0, 0, 0, 0, 0, 0, 0, 0, 0, 0, 0, 0, 0, 0, 0, 0, 0, 0, 0, 0, 0, 0, 0, 0, 0, 0, 0, 0, 0, 0, 0, 0, 0, 0, 0, 0, 0, 0, 0, 0, 0, 0.0412, 0, 0, 0, 0, 0, 0, 0, 0, 0, 0, 0, 0, 0, 0, 0, 0, 0, 0, 0, 0),
('Lesser Mark of Scaling Mana', 1, 0, 0, 0, 0.6481, 0, 0, 0, 0, 0, 0, 0, 0, 0, 0, 0, 0, 0, 0, 0, 0, 0, 0, 0, 0, 0, 0, 0, 0, 0, 0, 0, 0, 0, 0, 0, 0, 0, 0, 0, 0, 0, 0, 0, 0, 0, 0, 0, 0, 0, 0, 0, 0, 0, 0, 0, 0, 0, 0, 0, 0, 0, 0, 0, 0),
('Lesser Mark of the Yuletide Tannenbaum ', 1, 0, 0, 0, 0, 0, 0, 0, 0, 0, 0, 0, 0, 0, 0, 0, 0, 0, 0, 0, 0, 0, 0, 0, 0, 0, 0, 0, 0, 0, 0, 0, 0, 0, 0, 0.0061855, 0, 0, 0, 0, 0, 0, 0, 0, 0, 0, 0, 0, 0, 0, 0, 0, 0, 0, 0, 0, 0, 0, 0, 0, 0, 0, 0, 0, 0),
('Lesser Quintessence of Ability Power', 1, 0, 0, 0, 0, 0, 0, 0, 0, 0, 0, 0, 0, 0, 0, 0, 0, 0, 0, 0, 0, 0, 2.75, 0, 0, 0, 0, 0, 0, 0, 0, 0, 0, 0, 0, 0, 0, 0, 0, 0, 0, 0, 0, 0, 0, 0, 0, 0, 0, 0, 0, 0, 0, 0, 0, 0, 0, 0, 0, 0, 0, 0, 0, 0, 0),
('Lesser Quintessence of Armor', 1, 0, 0, 0, 0, 0, 0, 0, 0, 0, 0, 0, 0, 2.3684, 0, 0, 0, 0, 0, 0, 0, 0, 0, 0, 0, 0, 0, 0, 0, 0, 0, 0, 0, 0, 0, 0, 0, 0, 0, 0, 0, 0, 0, 0, 0, 0, 0, 0, 0, 0, 0, 0, 0, 0, 0, 0, 0, 0, 0, 0, 0, 0, 0, 0, 0),
('Lesser Quintessence of Attack Damage', 1, 0, 0, 0, 0, 0, 0, 0, 0, 0, 0, 0, 0, 0, 0, 0, 0, 0, 0, 1.25, 0, 0, 0, 0, 0, 0, 0, 0, 0, 0, 0, 0, 0, 0, 0, 0, 0, 0, 0, 0, 0, 0, 0, 0, 0, 0, 0, 0, 0, 0, 0, 0, 0, 0, 0, 0, 0, 0, 0, 0, 0, 0, 0, 0, 0),
('Lesser Quintessence of Attack Speed', 1, 0, 0, 0, 0, 0, 0, 0, 0, 0, 0, 0, 0, 0, 0, 0, 0, 0, 0, 0, 0, 0, 0, 0, 0, 0, 0, 0, 0, 0, 0.0252, 0, 0, 0, 0, 0, 0, 0, 0, 0, 0, 0, 0, 0, 0, 0, 0, 0, 0, 0, 0, 0, 0, 0, 0, 0, 0, 0, 0, 0, 0, 0, 0, 0, 0),
('Lesser Quintessence of Cooldown Reduction', 1, 0, 0, 0, 0, 0, 0, 0, 0, 0, 0, 0, 0, 0, 0, 0, 0, 0, 0, 0, 0, 0, 0, 0, 0, 0, 0, 0, 0, 0, 0, 0, 0, 0, 0, 0, 0, 0, 0, 0, 0, 0, 0, 0, 0, 0, 0, 0, -0.014, 0, 0, 0, 0, 0, 0, 0, 0, 0, 0, 0, 0, 0, 0, 0, 0),
('Lesser Quintessence of Critical Chance', 1, 0, 0, 0, 0, 0, 0, 0, 0, 0, 0, 0, 0, 0, 0, 0, 0, 0, 0, 0, 0, 0, 0, 0, 0, 0, 0, 0, 0, 0, 0, 0, 0, 0, 0, 0.010309, 0, 0, 0, 0, 0, 0, 0, 0, 0, 0, 0, 0, 0, 0, 0, 0, 0, 0, 0, 0, 0, 0, 0, 0, 0, 0, 0, 0, 0),
('Lesser Quintessence of Critical Damage', 1, 0, 0, 0, 0, 0, 0, 0, 0, 0, 0, 0, 0, 0, 0, 0, 0, 0, 0, 0, 0, 0, 0, 0, 0, 0, 0, 0, 0, 0, 0, 0, 0, 0, 0, 0, 0, 0, 0.024793, 0, 0, 0, 0, 0, 0, 0, 0, 0, 0, 0, 0, 0, 0, 0, 0, 0, 0, 0, 0, 0, 0, 0, 0, 0, 0),
('Lesser Quintessence of Health', 1, 14.5, 0, 0, 0, 0, 0, 0, 0, 0, 0, 0, 0, 0, 0, 0, 0, 0, 0, 0, 0, 0, 0, 0, 0, 0, 0, 0, 0, 0, 0, 0, 0, 0, 0, 0, 0, 0, 0, 0, 0, 0, 0, 0, 0, 0, 0, 0, 0, 0, 0, 0, 0, 0, 0, 0, 0, 0, 0, 0, 0, 0, 0, 0, 0),
('Lesser Quintessence of Health Regeneration', 1, 0, 0, 0, 0, 0, 0, 0.3, 0, 0, 0, 0, 0, 0, 0, 0, 0, 0, 0, 0, 0, 0, 0, 0, 0, 0, 0, 0, 0, 0, 0, 0, 0, 0, 0, 0, 0, 0, 0, 0, 0, 0, 0, 0, 0, 0, 0, 0, 0, 0, 0, 0, 0, 0, 0, 0, 0, 0, 0, 0, 0, 0, 0, 0, 0),
('Lesser Quintessence of Lethality', 1, 0, 0, 0, 0, 0, 0, 0, 0, 0, 0, 0, 0, 0, 0, 0, 0, 0, 0, 0, 0, 0, 0, 0, 0, 0, 0, 0, 0, 0, 0, 0, 0, 0, 0, 0, 0, 0, 0, 0, 0, 0, 0, 0, 0, 0, 0, 0, 0, 0, 0, 0, 0, 0, 0, 0, 0, 0, 0, 0, 0, 0, 0, 0, 0),
('Lesser Quintessence of Life Steal', 1, 0, 0, 0, 0, 0, 0, 0, 0, 0, 0, 0, 0, 0, 0, 0, 0, 0, 0, 0, 0, 0, 0, 0, 0, 0, 0, 0, 0, 0, 0, 0, 0, 0, 0, 0, 0, 0, 0, 0, 0, 0, 0, 0, 0, 0, 0, 0, 0, 0, 0, 0, 0, 0, 0, 0, 0, 0, 0, 0, 0, 0, 0, 0.0084, 0),
('Lesser Quintessence of Magic Penetration', 1, 0, 0, 0, 0, 0, 0, 0, 0, 0, 0, 0, 0, 0, 0, 0, 0, 0, 0, 0, 0, 0, 0, 0, 0, 0, 0, 0, 0, 0, 0, 0, 0, 0, 0, 0, 0, 0, 0, 0, 0, 0, 0, 0, 0, 0, 0, 0, 0, 0, 0, 0, 0, 0, 0, 1.11, 0, 0, 0, 0, 0, 0, 0, 0, 0),
('Lesser Quintessence of Magic Resist', 1, 0, 0, 0, 0, 0, 0, 0, 0, 0, 0, 0, 0, 0, 0, 0, 0, 0, 0, 0, 0, 0, 0, 0, 0, 0, 0, 0, 0, 0, 0, 0, 0, 0, 0, 0, 0, 0, 0, 0, 0, 0, 0, 2.22, 0, 0, 0, 0, 0, 0, 0, 0, 0, 0, 0, 0, 0, 0, 0, 0, 0, 0, 0, 0, 0),
('Lesser Quintessence of Mana', 1, 0, 0, 20.8333, 0, 0, 0, 0, 0, 0, 0, 0, 0, 0, 0, 0, 0, 0, 0, 0, 0, 0, 0, 0, 0, 0, 0, 0, 0, 0, 0, 0, 0, 0, 0, 0, 0, 0, 0, 0, 0, 0, 0, 0, 0, 0, 0, 0, 0, 0, 0, 0, 0, 0, 0, 0, 0, 0, 0, 0, 0, 0, 0, 0, 0),
('Lesser Quintessence of Mana Regeneration', 1, 0, 0, 0, 0, 0, 0, 0, 0, 0, 0.13888, 0, 0, 0, 0, 0, 0, 0, 0, 0, 0, 0, 0, 0, 0, 0, 0, 0, 0, 0, 0, 0, 0, 0, 0, 0, 0, 0, 0, 0, 0, 0, 0, 0, 0, 0, 0, 0, 0, 0, 0, 0, 0, 0, 0, 0, 0, 0, 0, 0, 0, 0, 0, 0, 0),
('Lesser Quintessence of Movement Speed', 1, 0, 0, 0, 0, 0, 0, 0, 0, 0, 0, 0, 0, 0, 0, 0, 0, 0, 0, 0, 0, 0, 0, 0, 0, 0, 0, 0.008333, 0, 0, 0, 0, 0, 0, 0, 0, 0, 0, 0, 0, 0, 0, 0, 0, 0, 0, 0, 0, 0, 0, 0, 0, 0, 0, 0, 0, 0, 0, 0, 0, 0, 0, 0, 0, 0),
('Lesser Quintessence of Percent Health', 1, 0, 0, 0, 0, 0.0084, 0, 0, 0, 0, 0, 0, 0, 0, 0, 0, 0, 0, 0, 0, 0, 0, 0, 0, 0, 0, 0, 0, 0, 0, 0, 0, 0, 0, 0, 0, 0, 0, 0, 0, 0, 0, 0, 0, 0, 0, 0, 0, 0, 0, 0, 0, 0, 0, 0, 0, 0, 0, 0, 0, 0, 0, 0, 0, 0),
('Lesser Quintessence of Precision', 1, 0, 0, 0, 0, 0, 0, 0, 0, 0, 0, 0, 0, 0, 0, 0, 0, 0, 0, 0, 0, 0, 0, 0, 0, 0, 0, 0, 0, 0, 0, 0, 0, 0, 0, 0, 0, 0, 0, 0, 0, 0, 0, 0, 0, 0, 0, 0, 0, 0, 0, 0, 0, 0, 0, 0.78, 0, 0, 0, 0, 0, 0, 0, 0, 0),
('Lesser Quintessence of Scaling Ability Power', 1, 0, 0, 0, 0, 0, 0, 0, 0, 0, 0, 0, 0, 0, 0, 0, 0, 0, 0, 0, 0, 0, 0, 0.2404, 0, 0, 0, 0, 0, 0, 0, 0, 0, 0, 0, 0, 0, 0, 0, 0, 0, 0, 0, 0, 0, 0, 0, 0, 0, 0, 0, 0, 0, 0, 0, 0, 0, 0, 0, 0, 0, 0, 0, 0, 0),
('Lesser Quintessence of Scaling Armor', 1, 0, 0, 0, 0, 0, 0, 0, 0, 0, 0, 0, 0, 0, 0.2083, 0, 0, 0, 0, 0, 0, 0, 0, 0, 0, 0, 0, 0, 0, 0, 0, 0, 0, 0, 0, 0, 0, 0, 0, 0, 0, 0, 0, 0, 0, 0, 0, 0, 0, 0, 0, 0, 0, 0, 0, 0, 0, 0, 0, 0, 0, 0, 0, 0, 0),
('Lesser Quintessence of Scaling Attack Damage', 1, 0, 0, 0, 0, 0, 0, 0, 0, 0, 0, 0, 0, 0, 0, 0, 0, 0, 0, 0, 0.1389, 0, 0, 0, 0, 0, 0, 0, 0, 0, 0, 0, 0, 0, 0, 0, 0, 0, 0, 0, 0, 0, 0, 0, 0, 0, 0, 0, 0, 0, 0, 0, 0, 0, 0, 0, 0, 0, 0, 0, 0, 0, 0, 0, 0),
('Lesser Quintessence of Scaling Cooldown Reduction', 1, 0, 0, 0, 0, 0, 0, 0, 0, 0, 0, 0, 0, 0, 0, 0, 0, 0, 0, 0, 0, 0, 0, 0, 0, 0, 0, 0, 0, 0, 0, 0, 0, 0, 0, 0, 0, 0, 0, 0, 0, 0, 0, 0, 0, 0, 0, 0, 0, -0.0015556, 0, 0, 0, 0, 0, 0, 0, 0, 0, 0, 0, 0, 0, 0, 0),
('Lesser Quintessence of Scaling Health', 1, 0, 1.5024, 0, 0, 0, 0, 0, 0, 0, 0, 0, 0, 0, 0, 0, 0, 0, 0, 0, 0, 0, 0, 0, 0, 0, 0, 0, 0, 0, 0, 0, 0, 0, 0, 0, 0, 0, 0, 0, 0, 0, 0, 0, 0, 0, 0, 0, 0, 0, 0, 0, 0, 0, 0, 0, 0, 0, 0, 0, 0, 0, 0, 0, 0),
('Lesser Quintessence of Scaling Health Regeneration', 1, 0, 0, 0, 0, 0, 0, 0, 0.03126, 0, 0, 0, 0, 0, 0, 0, 0, 0, 0, 0, 0, 0, 0, 0, 0, 0, 0, 0, 0, 0, 0, 0, 0, 0, 0, 0, 0, 0, 0, 0, 0, 0, 0, 0, 0, 0, 0, 0, 0, 0, 0, 0, 0, 0, 0, 0, 0, 0, 0, 0, 0, 0, 0, 0, 0),
('Lesser Quintessence of Scaling Magic Resist', 1, 0, 0, 0, 0, 0, 0, 0, 0, 0, 0, 0, 0, 0, 0, 0, 0, 0, 0, 0, 0, 0, 0, 0, 0, 0, 0, 0, 0, 0, 0, 0, 0, 0, 0, 0, 0, 0, 0, 0, 0, 0, 0, 0, 0.2062, 0, 0, 0, 0, 0, 0, 0, 0, 0, 0, 0, 0, 0, 0, 0, 0, 0, 0, 0, 0),
('Lesser Quintessence of Scaling Mana', 1, 0, 0, 0, 2.3148, 0, 0, 0, 0, 0, 0, 0, 0, 0, 0, 0, 0, 0, 0, 0, 0, 0, 0, 0, 0, 0, 0, 0, 0, 0, 0, 0, 0, 0, 0, 0, 0, 0, 0, 0, 0, 0, 0, 0, 0, 0, 0, 0, 0, 0, 0, 0, 0, 0, 0, 0, 0, 0, 0, 0, 0, 0, 0, 0, 0),
('Lesser Quintessence of Scaling Mana Regeneration', 1, 0, 0, 0, 0, 0, 0, 0, 0, 0, 0, 0.02712, 0, 0, 0, 0, 0, 0, 0, 0, 0, 0, 0, 0, 0, 0, 0, 0, 0, 0, 0, 0, 0, 0, 0, 0, 0, 0, 0, 0, 0, 0, 0, 0, 0, 0, 0, 0, 0, 0, 0, 0, 0, 0, 0, 0, 0, 0, 0, 0, 0, 0, 0, 0, 0),
('Lesser Quintessence of Spell Vamp', 1, 0, 0, 0, 0, 0, 0, 0, 0, 0, 0, 0, 0, 0, 0, 0, 0, 0, 0, 0, 0, 0, 0, 0, 0, 0, 0, 0, 0, 0, 0, 0, 0, 0, 0, 0, 0, 0, 0, 0, 0, 0, 0, 0, 0, 0, 0, 0, 0, 0, 0, 0, 0, 0, 0, 0, 0, 0, 0, 0, 0, 0, 0, 0, 0.0112),
('Lesser Seal of Ability Power', 1, 0, 0, 0, 0, 0, 0, 0, 0, 0, 0, 0, 0, 0, 0, 0, 0, 0, 0, 0, 0, 0, 0.33, 0, 0, 0, 0, 0, 0, 0, 0, 0, 0, 0, 0, 0, 0, 0, 0, 0, 0, 0, 0, 0, 0, 0, 0, 0, 0, 0, 0, 0, 0, 0, 0, 0, 0, 0, 0, 0, 0, 0, 0, 0, 0),
('Lesser Seal of Armor', 1, 0, 0, 0, 0, 0, 0, 0, 0, 0, 0, 0, 0, 0.56, 0, 0, 0, 0, 0, 0, 0, 0, 0, 0, 0, 0, 0, 0, 0, 0, 0, 0, 0, 0, 0, 0, 0, 0, 0, 0, 0, 0, 0, 0, 0, 0, 0, 0, 0, 0, 0, 0, 0, 0, 0, 0, 0, 0, 0, 0, 0, 0, 0, 0, 0),
('Lesser Seal of Attack Damage', 1, 0, 0, 0, 0, 0, 0, 0, 0, 0, 0, 0, 0, 0, 0, 0, 0, 0, 0, 0.2364, 0, 0, 0, 0, 0, 0, 0, 0, 0, 0, 0, 0, 0, 0, 0, 0, 0, 0, 0, 0, 0, 0, 0, 0, 0, 0, 0, 0, 0, 0, 0, 0, 0, 0, 0, 0, 0, 0, 0, 0, 0, 0, 0, 0, 0),
('Lesser Seal of Attack Speed', 1, 0, 0, 0, 0, 0, 0, 0, 0, 0, 0, 0, 0, 0, 0, 0, 0, 0, 0, 0, 0, 0, 0, 0, 0, 0, 0, 0, 0, 0, 0.004245, 0, 0, 0, 0, 0, 0, 0, 0, 0, 0, 0, 0, 0, 0, 0, 0, 0, 0, 0, 0, 0, 0, 0, 0, 0, 0, 0, 0, 0, 0, 0, 0, 0, 0),
('Lesser Seal of Cooldown Reduction', 1, 0, 0, 0, 0, 0, 0, 0, 0, 0, 0, 0, 0, 0, 0, 0, 0, 0, 0, 0, 0, 0, 0, 0, 0, 0, 0, 0, 0, 0, 0, 0, 0, 0, 0, 0, 0, 0, 0, 0, 0, 0, 0, 0, 0, 0, 0, 0, -0.002, 0, 0, 0, 0, 0, 0, 0, 0, 0, 0, 0, 0, 0, 0, 0, 0),
('Lesser Seal of Critical Chance', 1, 0, 0, 0, 0, 0, 0, 0, 0, 0, 0, 0, 0, 0, 0, 0, 0, 0, 0, 0, 0, 0, 0, 0, 0, 0, 0, 0, 0, 0, 0, 0, 0, 0, 0, 0.00232, 0, 0, 0, 0, 0, 0, 0, 0, 0, 0, 0, 0, 0, 0, 0, 0, 0, 0, 0, 0, 0, 0, 0, 0, 0, 0, 0, 0, 0),
('Lesser Seal of Critical Damage', 1, 0, 0, 0, 0, 0, 0, 0, 0, 0, 0, 0, 0, 0, 0, 0, 0, 0, 0, 0, 0, 0, 0, 0, 0, 0, 0, 0, 0, 0, 0, 0, 0, 0, 0, 0, 0, 0, 0.004339, 0, 0, 0, 0, 0, 0, 0, 0, 0, 0, 0, 0, 0, 0, 0, 0, 0, 0, 0, 0, 0, 0, 0, 0, 0, 0),
('Lesser Seal of Health', 1, 4.48, 0, 0, 0, 0, 0, 0, 0, 0, 0, 0, 0, 0, 0, 0, 0, 0, 0, 0, 0, 0, 0, 0, 0, 0, 0, 0, 0, 0, 0, 0, 0, 0, 0, 0, 0, 0, 0, 0, 0, 0, 0, 0, 0, 0, 0, 0, 0, 0, 0, 0, 0, 0, 0, 0, 0, 0, 0, 0, 0, 0, 0, 0, 0),
('Lesser Seal of Health Regeneration', 1, 0, 0, 0, 0, 0, 0, 0.062, 0, 0, 0, 0, 0, 0, 0, 0, 0, 0, 0, 0, 0, 0, 0, 0, 0, 0, 0, 0, 0, 0, 0, 0, 0, 0, 0, 0, 0, 0, 0, 0, 0, 0, 0, 0, 0, 0, 0, 0, 0, 0, 0, 0, 0, 0, 0, 0, 0, 0, 0, 0, 0, 0, 0, 0, 0);
INSERT INTO `runes` (`Name`, `Tier`, `FlatHPPoolMod`, `rFlatHPModPerLevel`, `FlatMPPoolMod`, `rFlatMPModPerLevel`, `PercentHPPoolMod`, `PercentMPPoolMod`, `FlatHPRegenMod`, `rFlatHPRegenModPerLevel`, `PercentHPRegenMod`, `FlatMPRegenMod`, `rFlatMPRegenModPerLevel`, `PercentMPRegenMod`, `FlatArmorMod`, `rFlatArmorModPerLevel`, `PercentArmorMod`, `rFlatArmorPenetrationMod`, `rFlatArmorPenetrationModPerLevel`, `rPercentArmorPenetrationModPerLevel`, `FlatPhysicalDamageMod`, `rFlatPhysicalDamageModPerLevel`, `PercentPhysicalDamageMod`, `FlatMagicDamageMod`, `rFlatMagicDamageModPerLevel`, `PercentMagicDamageMod`, `FlatMovementSpeedMod`, `rFlatMovementSpeedModPerLevel`, `PercentMovementSpeedMod`, `rPercentMovementSpeedModPerLevel`, `FlatAttackSpeedMod`, `PercentAttackSpeedMod`, `rPercentAttackSpeedModPerLevel`, `rFlatDodgeMod`, `rFlatDodgeModPerLevel`, `PercentDodgeMod`, `FlatCritChanceMod`, `rFlatCritChanceModPerLevel`, `PercentCritChanceMod`, `FlatCritDamageMod`, `rFlatCritDamageModPerLevel`, `PercentCritDamageMod`, `FlatBlockMod`, `PercentBlockMod`, `FlatSpellBlockMod`, `rFlatSpellBlockModPerLevel`, `PercentSpellBlockMod`, `FlatEXPBonus`, `PercentEXPBonus`, `rPercentCooldownMod`, `rPercentCooldownModPerLevel`, `rFlatTimeDeadMod`, `rFlatTimeDeadModPerLevel`, `rPercentTimeDeadMod`, `rPercentTimeDeadModPerLevel`, `rFlatGoldPer10Mod`, `rFlatMagicPenetrationMod`, `rFlatMagicPenetrationModPerLevel`, `rPercentMagicPenetrationMod`, `rPercentMagicPenetrationModPerLevel`, `FlatEnergyRegenMod`, `rFlatEnergyRegenModPerLevel`, `FlatEnergyPoolMod`, `rFlatEnergyModPerLevel`, `PercentLifeStealMod`, `PercentSpellVampMod`) VALUES
('Lesser Seal of Magic Resist', 1, 0, 0, 0, 0, 0, 0, 0, 0, 0, 0, 0, 0, 0, 0, 0, 0, 0, 0, 0, 0, 0, 0, 0, 0, 0, 0, 0, 0, 0, 0, 0, 0, 0, 0, 0, 0, 0, 0, 0, 0, 0, 0, 0.4125, 0, 0, 0, 0, 0, 0, 0, 0, 0, 0, 0, 0, 0, 0, 0, 0, 0, 0, 0, 0, 0),
('Lesser Seal of Mana', 1, 0, 0, 3.8281, 0, 0, 0, 0, 0, 0, 0, 0, 0, 0, 0, 0, 0, 0, 0, 0, 0, 0, 0, 0, 0, 0, 0, 0, 0, 0, 0, 0, 0, 0, 0, 0, 0, 0, 0, 0, 0, 0, 0, 0, 0, 0, 0, 0, 0, 0, 0, 0, 0, 0, 0, 0, 0, 0, 0, 0, 0, 0, 0, 0, 0),
('Lesser Seal of Mana Regeneration', 1, 0, 0, 0, 0, 0, 0, 0, 0, 0, 0.04514, 0, 0, 0, 0, 0, 0, 0, 0, 0, 0, 0, 0, 0, 0, 0, 0, 0, 0, 0, 0, 0, 0, 0, 0, 0, 0, 0, 0, 0, 0, 0, 0, 0, 0, 0, 0, 0, 0, 0, 0, 0, 0, 0, 0, 0, 0, 0, 0, 0, 0, 0, 0, 0, 0),
('Lesser Seal of Percent Health', 1, 0, 0, 0, 0, 0.0028, 0, 0, 0, 0, 0, 0, 0, 0, 0, 0, 0, 0, 0, 0, 0, 0, 0, 0, 0, 0, 0, 0, 0, 0, 0, 0, 0, 0, 0, 0, 0, 0, 0, 0, 0, 0, 0, 0, 0, 0, 0, 0, 0, 0, 0, 0, 0, 0, 0, 0, 0, 0, 0, 0, 0, 0, 0, 0, 0),
('Lesser Seal of Scaling Ability Power', 1, 0, 0, 0, 0, 0, 0, 0, 0, 0, 0, 0, 0, 0, 0, 0, 0, 0, 0, 0, 0, 0, 0, 0.0577, 0, 0, 0, 0, 0, 0, 0, 0, 0, 0, 0, 0, 0, 0, 0, 0, 0, 0, 0, 0, 0, 0, 0, 0, 0, 0, 0, 0, 0, 0, 0, 0, 0, 0, 0, 0, 0, 0, 0, 0, 0),
('Lesser Seal of Scaling Armor', 1, 0, 0, 0, 0, 0, 0, 0, 0, 0, 0, 0, 0, 0, 0.09333, 0, 0, 0, 0, 0, 0, 0, 0, 0, 0, 0, 0, 0, 0, 0, 0, 0, 0, 0, 0, 0, 0, 0, 0, 0, 0, 0, 0, 0, 0, 0, 0, 0, 0, 0, 0, 0, 0, 0, 0, 0, 0, 0, 0, 0, 0, 0, 0, 0, 0),
('Lesser Seal of Scaling Attack Damage', 1, 0, 0, 0, 0, 0, 0, 0, 0, 0, 0, 0, 0, 0, 0, 0, 0, 0, 0, 0, 0.0338, 0, 0, 0, 0, 0, 0, 0, 0, 0, 0, 0, 0, 0, 0, 0, 0, 0, 0, 0, 0, 0, 0, 0, 0, 0, 0, 0, 0, 0, 0, 0, 0, 0, 0, 0, 0, 0, 0, 0, 0, 0, 0, 0, 0),
('Lesser Seal of Scaling Health', 1, 0, 0.74667, 0, 0, 0, 0, 0, 0, 0, 0, 0, 0, 0, 0, 0, 0, 0, 0, 0, 0, 0, 0, 0, 0, 0, 0, 0, 0, 0, 0, 0, 0, 0, 0, 0, 0, 0, 0, 0, 0, 0, 0, 0, 0, 0, 0, 0, 0, 0, 0, 0, 0, 0, 0, 0, 0, 0, 0, 0, 0, 0, 0, 0, 0),
('Lesser Seal of Scaling Health Regeneration', 1, 0, 0, 0, 0, 0, 0, 0, 0.0125, 0, 0, 0, 0, 0, 0, 0, 0, 0, 0, 0, 0, 0, 0, 0, 0, 0, 0, 0, 0, 0, 0, 0, 0, 0, 0, 0, 0, 0, 0, 0, 0, 0, 0, 0, 0, 0, 0, 0, 0, 0, 0, 0, 0, 0, 0, 0, 0, 0, 0, 0, 0, 0, 0, 0, 0),
('Lesser Seal of Scaling Magic Resist', 1, 0, 0, 0, 0, 0, 0, 0, 0, 0, 0, 0, 0, 0, 0, 0, 0, 0, 0, 0, 0, 0, 0, 0, 0, 0, 0, 0, 0, 0, 0, 0, 0, 0, 0, 0, 0, 0, 0, 0, 0, 0, 0, 0, 0.0536, 0, 0, 0, 0, 0, 0, 0, 0, 0, 0, 0, 0, 0, 0, 0, 0, 0, 0, 0, 0),
('Lesser Seal of Scaling Mana', 1, 0, 0, 0, 0.6481, 0, 0, 0, 0, 0, 0, 0, 0, 0, 0, 0, 0, 0, 0, 0, 0, 0, 0, 0, 0, 0, 0, 0, 0, 0, 0, 0, 0, 0, 0, 0, 0, 0, 0, 0, 0, 0, 0, 0, 0, 0, 0, 0, 0, 0, 0, 0, 0, 0, 0, 0, 0, 0, 0, 0, 0, 0, 0, 0, 0),
('Lesser Seal of Scaling Mana Regeneration', 1, 0, 0, 0, 0, 0, 0, 0, 0, 0, 0, 0.0072, 0, 0, 0, 0, 0, 0, 0, 0, 0, 0, 0, 0, 0, 0, 0, 0, 0, 0, 0, 0, 0, 0, 0, 0, 0, 0, 0, 0, 0, 0, 0, 0, 0, 0, 0, 0, 0, 0, 0, 0, 0, 0, 0, 0, 0, 0, 0, 0, 0, 0, 0, 0, 0),
('Lesser Seal of the Medalist', 1, 3.564, 0, 0, 0, 0, 0, 0, 0, 0, 0, 0, 0, 0, 0, 0, 0, 0, 0, 0, 0, 0, 0, 0, 0, 0, 0, 0, 0, 0, 0, 0, 0, 0, 0, 0, 0, 0, 0, 0, 0, 0, 0, 0, 0, 0, 0, 0, 0, 0, 0, 0, 0, 0, 0, 0, 0, 0, 0, 0, 0, 0, 0, 0, 0),
('Lesser Seal of the Stout Snowman', 1, 0, 0.72115, 0, 0, 0, 0, 0, 0, 0, 0, 0, 0, 0, 0, 0, 0, 0, 0, 0, 0, 0, 0, 0, 0, 0, 0, 0, 0, 0, 0, 0, 0, 0, 0, 0, 0, 0, 0, 0, 0, 0, 0, 0, 0, 0, 0, 0, 0, 0, 0, 0, 0, 0, 0, 0, 0, 0, 0, 0, 0, 0, 0, 0, 0),
('Mark of Ability Power', 2, 0, 0, 0, 0, 0, 0, 0, 0, 0, 0, 0, 0, 0, 0, 0, 0, 0, 0, 0, 0, 0, 0.462, 0, 0, 0, 0, 0, 0, 0, 0, 0, 0, 0, 0, 0, 0, 0, 0, 0, 0, 0, 0, 0, 0, 0, 0, 0, 0, 0, 0, 0, 0, 0, 0, 0, 0, 0, 0, 0, 0, 0, 0, 0, 0),
('Mark of Armor', 2, 0, 0, 0, 0, 0, 0, 0, 0, 0, 0, 0, 0, 0.7112, 0, 0, 0, 0, 0, 0, 0, 0, 0, 0, 0, 0, 0, 0, 0, 0, 0, 0, 0, 0, 0, 0, 0, 0, 0, 0, 0, 0, 0, 0, 0, 0, 0, 0, 0, 0, 0, 0, 0, 0, 0, 0, 0, 0, 0, 0, 0, 0, 0, 0, 0),
('Mark of Attack Damage', 2, 0, 0, 0, 0, 0, 0, 0, 0, 0, 0, 0, 0, 0, 0, 0, 0, 0, 0, 0.735, 0, 0, 0, 0, 0, 0, 0, 0, 0, 0, 0, 0, 0, 0, 0, 0, 0, 0, 0, 0, 0, 0, 0, 0, 0, 0, 0, 0, 0, 0, 0, 0, 0, 0, 0, 0, 0, 0, 0, 0, 0, 0, 0, 0, 0),
('Mark of Attack Speed', 2, 0, 0, 0, 0, 0, 0, 0, 0, 0, 0, 0, 0, 0, 0, 0, 0, 0, 0, 0, 0, 0, 0, 0, 0, 0, 0, 0, 0, 0, 0.013208, 0, 0, 0, 0, 0, 0, 0, 0, 0, 0, 0, 0, 0, 0, 0, 0, 0, 0, 0, 0, 0, 0, 0, 0, 0, 0, 0, 0, 0, 0, 0, 0, 0, 0),
('Mark of Cooldown Reduction', 2, 0, 0, 0, 0, 0, 0, 0, 0, 0, 0, 0, 0, 0, 0, 0, 0, 0, 0, 0, 0, 0, 0, 0, 0, 0, 0, 0, 0, 0, 0, 0, 0, 0, 0, 0, 0, 0, 0, 0, 0, 0, 0, 0, 0, 0, 0, 0, -0.001556, 0, 0, 0, 0, 0, 0, 0, 0, 0, 0, 0, 0, 0, 0, 0, 0),
('Mark of Critical Chance', 2, 0, 0, 0, 0, 0, 0, 0, 0, 0, 0, 0, 0, 0, 0, 0, 0, 0, 0, 0, 0, 0, 0, 0, 0, 0, 0, 0, 0, 0, 0, 0, 0, 0, 0, 0.007216, 0, 0, 0, 0, 0, 0, 0, 0, 0, 0, 0, 0, 0, 0, 0, 0, 0, 0, 0, 0, 0, 0, 0, 0, 0, 0, 0, 0, 0),
('Mark of Critical Damage', 2, 0, 0, 0, 0, 0, 0, 0, 0, 0, 0, 0, 0, 0, 0, 0, 0, 0, 0, 0, 0, 0, 0, 0, 0, 0, 0, 0, 0, 0, 0, 0, 0, 0, 0, 0, 0, 0, 0.017355, 0, 0, 0, 0, 0, 0, 0, 0, 0, 0, 0, 0, 0, 0, 0, 0, 0, 0, 0, 0, 0, 0, 0, 0, 0, 0),
('Mark of Health', 2, 2.7027, 0, 0, 0, 0, 0, 0, 0, 0, 0, 0, 0, 0, 0, 0, 0, 0, 0, 0, 0, 0, 0, 0, 0, 0, 0, 0, 0, 0, 0, 0, 0, 0, 0, 0, 0, 0, 0, 0, 0, 0, 0, 0, 0, 0, 0, 0, 0, 0, 0, 0, 0, 0, 0, 0, 0, 0, 0, 0, 0, 0, 0, 0, 0),
('Mark of Lethality', 2, 0, 0, 0, 0, 0, 0, 0, 0, 0, 0, 0, 0, 0, 0, 0, 0, 0, 0, 0, 0, 0, 0, 0, 0, 0, 0, 0, 0, 0, 0, 0, 0, 0, 0, 0, 0, 0, 0, 0, 0, 0, 0, 0, 0, 0, 0, 0, 0, 0, 0, 0, 0, 0, 0, 0, 0, 0, 0, 0, 0, 0, 0, 0, 0),
('Mark of Magic Penetration', 2, 0, 0, 0, 0, 0, 0, 0, 0, 0, 0, 0, 0, 0, 0, 0, 0, 0, 0, 0, 0, 0, 0, 0, 0, 0, 0, 0, 0, 0, 0, 0, 0, 0, 0, 0, 0, 0, 0, 0, 0, 0, 0, 0, 0, 0, 0, 0, 0, 0, 0, 0, 0, 0, 0, 0.68, 0, 0, 0, 0, 0, 0, 0, 0, 0),
('Mark of Magic Resist', 2, 0, 0, 0, 0, 0, 0, 0, 0, 0, 0, 0, 0, 0, 0, 0, 0, 0, 0, 0, 0, 0, 0, 0, 0, 0, 0, 0, 0, 0, 0, 0, 0, 0, 0, 0, 0, 0, 0, 0, 0, 0, 0, 0.6, 0, 0, 0, 0, 0, 0, 0, 0, 0, 0, 0, 0, 0, 0, 0, 0, 0, 0, 0, 0, 0),
('Mark of Mana', 2, 0, 0, 4.5938, 0, 0, 0, 0, 0, 0, 0, 0, 0, 0, 0, 0, 0, 0, 0, 0, 0, 0, 0, 0, 0, 0, 0, 0, 0, 0, 0, 0, 0, 0, 0, 0, 0, 0, 0, 0, 0, 0, 0, 0, 0, 0, 0, 0, 0, 0, 0, 0, 0, 0, 0, 0, 0, 0, 0, 0, 0, 0, 0, 0, 0),
('Mark of Mana Regeneration', 2, 0, 0, 0, 0, 0, 0, 0, 0, 0, 0.04084, 0, 0, 0, 0, 0, 0, 0, 0, 0, 0, 0, 0, 0, 0, 0, 0, 0, 0, 0, 0, 0, 0, 0, 0, 0, 0, 0, 0, 0, 0, 0, 0, 0, 0, 0, 0, 0, 0, 0, 0, 0, 0, 0, 0, 0, 0, 0, 0, 0, 0, 0, 0, 0, 0),
('Mark of Precision', 2, 0, 0, 0, 0, 0, 0, 0, 0, 0, 0, 0, 0, 0, 0, 0, 0, 0, 0, 0, 0, 0, 0, 0, 0, 0, 0, 0, 0, 0, 0, 0, 0, 0, 0, 0, 0, 0, 0, 0, 0, 0, 0, 0, 0, 0, 0, 0, 0, 0, 0, 0, 0, 0, 0, 0.48, 0, 0, 0, 0, 0, 0, 0, 0, 0),
('Mark of Scaling Ability Power', 2, 0, 0, 0, 0, 0, 0, 0, 0, 0, 0, 0, 0, 0, 0, 0, 0, 0, 0, 0, 0, 0, 0, 0.0808, 0, 0, 0, 0, 0, 0, 0, 0, 0, 0, 0, 0, 0, 0, 0, 0, 0, 0, 0, 0, 0, 0, 0, 0, 0, 0, 0, 0, 0, 0, 0, 0, 0, 0, 0, 0, 0, 0, 0, 0, 0),
('Mark of Scaling Attack Damage', 2, 0, 0, 0, 0, 0, 0, 0, 0, 0, 0, 0, 0, 0, 0, 0, 0, 0, 0, 0, 0.105, 0, 0, 0, 0, 0, 0, 0, 0, 0, 0, 0, 0, 0, 0, 0, 0, 0, 0, 0, 0, 0, 0, 0, 0, 0, 0, 0, 0, 0, 0, 0, 0, 0, 0, 0, 0, 0, 0, 0, 0, 0, 0, 0, 0),
('Mark of Scaling Health', 2, 0, 0.4207, 0, 0, 0, 0, 0, 0, 0, 0, 0, 0, 0, 0, 0, 0, 0, 0, 0, 0, 0, 0, 0, 0, 0, 0, 0, 0, 0, 0, 0, 0, 0, 0, 0, 0, 0, 0, 0, 0, 0, 0, 0, 0, 0, 0, 0, 0, 0, 0, 0, 0, 0, 0, 0, 0, 0, 0, 0, 0, 0, 0, 0, 0),
('Mark of Scaling Magic Resist', 2, 0, 0, 0, 0, 0, 0, 0, 0, 0, 0, 0, 0, 0, 0, 0, 0, 0, 0, 0, 0, 0, 0, 0, 0, 0, 0, 0, 0, 0, 0, 0, 0, 0, 0, 0, 0, 0, 0, 0, 0, 0, 0, 0, 0.0577, 0, 0, 0, 0, 0, 0, 0, 0, 0, 0, 0, 0, 0, 0, 0, 0, 0, 0, 0, 0),
('Mark of Scaling Mana', 2, 0, 0, 0, 0.9074, 0, 0, 0, 0, 0, 0, 0, 0, 0, 0, 0, 0, 0, 0, 0, 0, 0, 0, 0, 0, 0, 0, 0, 0, 0, 0, 0, 0, 0, 0, 0, 0, 0, 0, 0, 0, 0, 0, 0, 0, 0, 0, 0, 0, 0, 0, 0, 0, 0, 0, 0, 0, 0, 0, 0, 0, 0, 0, 0, 0),
('Mark of the Combatant', 2, 0, 0, 0, 0, 0, 0, 0, 0, 0, 0, 0, 0, 0, 0, 0, 0, 0, 0, 0, 0, 0, 0, 0, 0, 0, 0, 0, 0, 0, 0, 0, 0, 0, 0, 0, 0, 0, 0.019835, 0, 0, 0, 0, 0, 0, 0, 0, 0, 0, 0, 0, 0, 0, 0, 0, 0, 0, 0, 0, 0, 0, 0, 0, 0, 0),
('Mark of the Crippling Candy Cane', 2, 0, 0, 0, 0, 0, 0, 0, 0, 0, 0, 0, 0, 0, 0, 0, 0, 0, 0, 0, 0, 0, 0, 0, 0, 0, 0, 0, 0, 0, 0, 0, 0, 0, 0, 0, 0, 0, 0.019835, 0, 0, 0, 0, 0, 0, 0, 0, 0, 0, 0, 0, 0, 0, 0, 0, 0, 0, 0, 0, 0, 0, 0, 0, 0, 0),
('Quintessence of Ability Power', 2, 0, 0, 0, 0, 0, 0, 0, 0, 0, 0, 0, 0, 0, 0, 0, 0, 0, 0, 0, 0, 0, 3.85, 0, 0, 0, 0, 0, 0, 0, 0, 0, 0, 0, 0, 0, 0, 0, 0, 0, 0, 0, 0, 0, 0, 0, 0, 0, 0, 0, 0, 0, 0, 0, 0, 0, 0, 0, 0, 0, 0, 0, 0, 0, 0),
('Quintessence of Armor', 2, 0, 0, 0, 0, 0, 0, 0, 0, 0, 0, 0, 0, 3.3158, 0, 0, 0, 0, 0, 0, 0, 0, 0, 0, 0, 0, 0, 0, 0, 0, 0, 0, 0, 0, 0, 0, 0, 0, 0, 0, 0, 0, 0, 0, 0, 0, 0, 0, 0, 0, 0, 0, 0, 0, 0, 0, 0, 0, 0, 0, 0, 0, 0, 0, 0),
('Quintessence of Attack Damage', 2, 0, 0, 0, 0, 0, 0, 0, 0, 0, 0, 0, 0, 0, 0, 0, 0, 0, 0, 1.75, 0, 0, 0, 0, 0, 0, 0, 0, 0, 0, 0, 0, 0, 0, 0, 0, 0, 0, 0, 0, 0, 0, 0, 0, 0, 0, 0, 0, 0, 0, 0, 0, 0, 0, 0, 0, 0, 0, 0, 0, 0, 0, 0, 0, 0),
('Quintessence of Attack Speed', 2, 0, 0, 0, 0, 0, 0, 0, 0, 0, 0, 0, 0, 0, 0, 0, 0, 0, 0, 0, 0, 0, 0, 0, 0, 0, 0, 0, 0, 0, 0.0351, 0, 0, 0, 0, 0, 0, 0, 0, 0, 0, 0, 0, 0, 0, 0, 0, 0, 0, 0, 0, 0, 0, 0, 0, 0, 0, 0, 0, 0, 0, 0, 0, 0, 0),
('Quintessence of Bountiful Treats', 2, 24, 0, 0, 0, 0, 0, 0, 0, 0, 0, 0, 0, 0, 0, 0, 0, 0, 0, 0, 0, 0, 0, 0, 0, 0, 0, 0, 0, 0, 0, 0, 0, 0, 0, 0, 0, 0, 0, 0, 0, 0, 0, 0, 0, 0, 0, 0, 0, 0, 0, 0, 0, 0, 0, 0, 0, 0, 0, 0, 0, 0, 0, 0, 0),
('Quintessence of Cooldown Reduction', 2, 0, 0, 0, 0, 0, 0, 0, 0, 0, 0, 0, 0, 0, 0, 0, 0, 0, 0, 0, 0, 0, 0, 0, 0, 0, 0, 0, 0, 0, 0, 0, 0, 0, 0, 0, 0, 0, 0, 0, 0, 0, 0, 0, 0, 0, 0, 0, -0.0195, 0, 0, 0, 0, 0, 0, 0, 0, 0, 0, 0, 0, 0, 0, 0, 0),
('Quintessence of Critical Chance', 2, 0, 0, 0, 0, 0, 0, 0, 0, 0, 0, 0, 0, 0, 0, 0, 0, 0, 0, 0, 0, 0, 0, 0, 0, 0, 0, 0, 0, 0, 0, 0, 0, 0, 0, 0.014433, 0, 0, 0, 0, 0, 0, 0, 0, 0, 0, 0, 0, 0, 0, 0, 0, 0, 0, 0, 0, 0, 0, 0, 0, 0, 0, 0, 0, 0),
('Quintessence of Critical Damage', 2, 0, 0, 0, 0, 0, 0, 0, 0, 0, 0, 0, 0, 0, 0, 0, 0, 0, 0, 0, 0, 0, 0, 0, 0, 0, 0, 0, 0, 0, 0, 0, 0, 0, 0, 0, 0, 0, 0.034711, 0, 0, 0, 0, 0, 0, 0, 0, 0, 0, 0, 0, 0, 0, 0, 0, 0, 0, 0, 0, 0, 0, 0, 0, 0, 0),
('Quintessence of Health', 2, 20, 0, 0, 0, 0, 0, 0, 0, 0, 0, 0, 0, 0, 0, 0, 0, 0, 0, 0, 0, 0, 0, 0, 0, 0, 0, 0, 0, 0, 0, 0, 0, 0, 0, 0, 0, 0, 0, 0, 0, 0, 0, 0, 0, 0, 0, 0, 0, 0, 0, 0, 0, 0, 0, 0, 0, 0, 0, 0, 0, 0, 0, 0, 0),
('Quintessence of Health Regeneration', 2, 0, 0, 0, 0, 0, 0, 0.42, 0, 0, 0, 0, 0, 0, 0, 0, 0, 0, 0, 0, 0, 0, 0, 0, 0, 0, 0, 0, 0, 0, 0, 0, 0, 0, 0, 0, 0, 0, 0, 0, 0, 0, 0, 0, 0, 0, 0, 0, 0, 0, 0, 0, 0, 0, 0, 0, 0, 0, 0, 0, 0, 0, 0, 0, 0),
('Quintessence of Lethality', 2, 0, 0, 0, 0, 0, 0, 0, 0, 0, 0, 0, 0, 0, 0, 0, 0, 0, 0, 0, 0, 0, 0, 0, 0, 0, 0, 0, 0, 0, 0, 0, 0, 0, 0, 0, 0, 0, 0, 0, 0, 0, 0, 0, 0, 0, 0, 0, 0, 0, 0, 0, 0, 0, 0, 0, 0, 0, 0, 0, 0, 0, 0, 0, 0),
('Quintessence of Life Steal', 2, 0, 0, 0, 0, 0, 0, 0, 0, 0, 0, 0, 0, 0, 0, 0, 0, 0, 0, 0, 0, 0, 0, 0, 0, 0, 0, 0, 0, 0, 0, 0, 0, 0, 0, 0, 0, 0, 0, 0, 0, 0, 0, 0, 0, 0, 0, 0, 0, 0, 0, 0, 0, 0, 0, 0, 0, 0, 0, 0, 0, 0, 0, 0.0117, 0),
('Quintessence of Magic Penetration', 2, 0, 0, 0, 0, 0, 0, 0, 0, 0, 0, 0, 0, 0, 0, 0, 0, 0, 0, 0, 0, 0, 0, 0, 0, 0, 0, 0, 0, 0, 0, 0, 0, 0, 0, 0, 0, 0, 0, 0, 0, 0, 0, 0, 0, 0, 0, 0, 0, 0, 0, 0, 0, 0, 0, 1.56, 0, 0, 0, 0, 0, 0, 0, 0, 0),
('Quintessence of Magic Resist', 2, 0, 0, 0, 0, 0, 0, 0, 0, 0, 0, 0, 0, 0, 0, 0, 0, 0, 0, 0, 0, 0, 0, 0, 0, 0, 0, 0, 0, 0, 0, 0, 0, 0, 0, 0, 0, 0, 0, 0, 0, 0, 0, 3.11, 0, 0, 0, 0, 0, 0, 0, 0, 0, 0, 0, 0, 0, 0, 0, 0, 0, 0, 0, 0, 0),
('Quintessence of Mana', 2, 0, 0, 29.1667, 0, 0, 0, 0, 0, 0, 0, 0, 0, 0, 0, 0, 0, 0, 0, 0, 0, 0, 0, 0, 0, 0, 0, 0, 0, 0, 0, 0, 0, 0, 0, 0, 0, 0, 0, 0, 0, 0, 0, 0, 0, 0, 0, 0, 0, 0, 0, 0, 0, 0, 0, 0, 0, 0, 0, 0, 0, 0, 0, 0, 0),
('Quintessence of Mana Regeneration', 2, 0, 0, 0, 0, 0, 0, 0, 0, 0, 0.19444, 0, 0, 0, 0, 0, 0, 0, 0, 0, 0, 0, 0, 0, 0, 0, 0, 0, 0, 0, 0, 0, 0, 0, 0, 0, 0, 0, 0, 0, 0, 0, 0, 0, 0, 0, 0, 0, 0, 0, 0, 0, 0, 0, 0, 0, 0, 0, 0, 0, 0, 0, 0, 0, 0),
('Quintessence of Movement Speed', 2, 0, 0, 0, 0, 0, 0, 0, 0, 0, 0, 0, 0, 0, 0, 0, 0, 0, 0, 0, 0, 0, 0, 0, 0, 0, 0, 0.011667, 0, 0, 0, 0, 0, 0, 0, 0, 0, 0, 0, 0, 0, 0, 0, 0, 0, 0, 0, 0, 0, 0, 0, 0, 0, 0, 0, 0, 0, 0, 0, 0, 0, 0, 0, 0, 0),
('Quintessence of Percent Health', 2, 0, 0, 0, 0, 0.0117, 0, 0, 0, 0, 0, 0, 0, 0, 0, 0, 0, 0, 0, 0, 0, 0, 0, 0, 0, 0, 0, 0, 0, 0, 0, 0, 0, 0, 0, 0, 0, 0, 0, 0, 0, 0, 0, 0, 0, 0, 0, 0, 0, 0, 0, 0, 0, 0, 0, 0, 0, 0, 0, 0, 0, 0, 0, 0, 0),
('Quintessence of Precision', 2, 0, 0, 0, 0, 0, 0, 0, 0, 0, 0, 0, 0, 0, 0, 0, 0, 0, 0, 0, 0, 0, 0, 0, 0, 0, 0, 0, 0, 0, 0, 0, 0, 0, 0, 0, 0, 0, 0, 0, 0, 0, 0, 0, 0, 0, 0, 0, 0, 0, 0, 0, 0, 0, 0, 1.09, 0, 0, 0, 0, 0, 0, 0, 0, 0),
('Quintessence of Scaling Ability Power', 2, 0, 0, 0, 0, 0, 0, 0, 0, 0, 0, 0, 0, 0, 0, 0, 0, 0, 0, 0, 0, 0, 0, 0.3365, 0, 0, 0, 0, 0, 0, 0, 0, 0, 0, 0, 0, 0, 0, 0, 0, 0, 0, 0, 0, 0, 0, 0, 0, 0, 0, 0, 0, 0, 0, 0, 0, 0, 0, 0, 0, 0, 0, 0, 0, 0),
('Quintessence of Scaling Armor', 2, 0, 0, 0, 0, 0, 0, 0, 0, 0, 0, 0, 0, 0, 0.2917, 0, 0, 0, 0, 0, 0, 0, 0, 0, 0, 0, 0, 0, 0, 0, 0, 0, 0, 0, 0, 0, 0, 0, 0, 0, 0, 0, 0, 0, 0, 0, 0, 0, 0, 0, 0, 0, 0, 0, 0, 0, 0, 0, 0, 0, 0, 0, 0, 0, 0),
('Quintessence of Scaling Attack Damage', 2, 0, 0, 0, 0, 0, 0, 0, 0, 0, 0, 0, 0, 0, 0, 0, 0, 0, 0, 0, 0.1944, 0, 0, 0, 0, 0, 0, 0, 0, 0, 0, 0, 0, 0, 0, 0, 0, 0, 0, 0, 0, 0, 0, 0, 0, 0, 0, 0, 0, 0, 0, 0, 0, 0, 0, 0, 0, 0, 0, 0, 0, 0, 0, 0, 0),
('Quintessence of Scaling Cooldown Reduction', 2, 0, 0, 0, 0, 0, 0, 0, 0, 0, 0, 0, 0, 0, 0, 0, 0, 0, 0, 0, 0, 0, 0, 0, 0, 0, 0, 0, 0, 0, 0, 0, 0, 0, 0, 0, 0, 0, 0, 0, 0, 0, 0, 0, 0, 0, 0, 0, 0, -0.002167, 0, 0, 0, 0, 0, 0, 0, 0, 0, 0, 0, 0, 0, 0, 0),
('Quintessence of Scaling Health', 2, 0, 2.1034, 0, 0, 0, 0, 0, 0, 0, 0, 0, 0, 0, 0, 0, 0, 0, 0, 0, 0, 0, 0, 0, 0, 0, 0, 0, 0, 0, 0, 0, 0, 0, 0, 0, 0, 0, 0, 0, 0, 0, 0, 0, 0, 0, 0, 0, 0, 0, 0, 0, 0, 0, 0, 0, 0, 0, 0, 0, 0, 0, 0, 0, 0),
('Quintessence of Scaling Health Regeneration', 2, 0, 0, 0, 0, 0, 0, 0, 0.04376, 0, 0, 0, 0, 0, 0, 0, 0, 0, 0, 0, 0, 0, 0, 0, 0, 0, 0, 0, 0, 0, 0, 0, 0, 0, 0, 0, 0, 0, 0, 0, 0, 0, 0, 0, 0, 0, 0, 0, 0, 0, 0, 0, 0, 0, 0, 0, 0, 0, 0, 0, 0, 0, 0, 0, 0),
('Quintessence of Scaling Magic Resist', 2, 0, 0, 0, 0, 0, 0, 0, 0, 0, 0, 0, 0, 0, 0, 0, 0, 0, 0, 0, 0, 0, 0, 0, 0, 0, 0, 0, 0, 0, 0, 0, 0, 0, 0, 0, 0, 0, 0, 0, 0, 0, 0, 0, 0.2886, 0, 0, 0, 0, 0, 0, 0, 0, 0, 0, 0, 0, 0, 0, 0, 0, 0, 0, 0, 0),
('Quintessence of Scaling Mana', 2, 0, 0, 0, 3.2407, 0, 0, 0, 0, 0, 0, 0, 0, 0, 0, 0, 0, 0, 0, 0, 0, 0, 0, 0, 0, 0, 0, 0, 0, 0, 0, 0, 0, 0, 0, 0, 0, 0, 0, 0, 0, 0, 0, 0, 0, 0, 0, 0, 0, 0, 0, 0, 0, 0, 0, 0, 0, 0, 0, 0, 0, 0, 0, 0, 0),
('Quintessence of Scaling Mana Regeneration', 2, 0, 0, 0, 0, 0, 0, 0, 0, 0, 0, 0.03798, 0, 0, 0, 0, 0, 0, 0, 0, 0, 0, 0, 0, 0, 0, 0, 0, 0, 0, 0, 0, 0, 0, 0, 0, 0, 0, 0, 0, 0, 0, 0, 0, 0, 0, 0, 0, 0, 0, 0, 0, 0, 0, 0, 0, 0, 0, 0, 0, 0, 0, 0, 0, 0),
('Quintessence of Spell Vamp', 2, 0, 0, 0, 0, 0, 0, 0, 0, 0, 0, 0, 0, 0, 0, 0, 0, 0, 0, 0, 0, 0, 0, 0, 0, 0, 0, 0, 0, 0, 0, 0, 0, 0, 0, 0, 0, 0, 0, 0, 0, 0, 0, 0, 0, 0, 0, 0, 0, 0, 0, 0, 0, 0, 0, 0, 0, 0, 0, 0, 0, 0, 0, 0, 0.0156),
('Quintessence of the Headless Horseman', 2, 0, 0, 0, 0, 0, 0, 0, 0, 0, 0, 0, 0, 0, 0, 0, 0, 0, 0, 0, 0, 0, 0, 0, 0, 0, 0, 0, 0, 0, 0, 0, 0, 0, 0, 0, 0, 0, 0, 0, 0, 0, 0, 0, 0, 0, 0, 0, 0, 0, 0, 0, 0, 0, 0, 0, 0, 0, 0, 0, 0, 0, 0, 0, 0),
('Quintessence of the Piercing Screech', 2, 0, 0, 0, 0, 0, 0, 0, 0, 0, 0, 0, 0, 0, 0, 0, 0, 0, 0, 0, 0, 0, 0, 0, 0, 0, 0, 0, 0, 0, 0, 0, 0, 0, 0, 0, 0, 0, 0, 0, 0, 0, 0, 0, 0, 0, 0, 0, 0, 0, 0, 0, 0, 0, 0, 1.85, 0, 0, 0, 0, 0, 0, 0, 0, 0),
('Quintessence of the Speedy Specter', 2, 0, 0, 0, 0, 0, 0, 0, 0, 0, 0, 0, 0, 0, 0, 0, 0, 0, 0, 0, 0, 0, 0, 0, 0, 0, 0, 0.0139, 0, 0, 0, 0, 0, 0, 0, 0, 0, 0, 0, 0, 0, 0, 0, 0, 0, 0, 0, 0, 0, 0, 0, 0, 0, 0, 0, 0, 0, 0, 0, 0, 0, 0, 0, 0, 0),
('Quintessence of the Witches Brew', 2, 0, 0, 0, 0, 0, 0, 0, 0, 0, 0, 0, 0, 0, 0, 0, 0, 0, 0, 0, 0, 0, 4.56, 0, 0, 0, 0, 0, 0, 0, 0, 0, 0, 0, 0, 0, 0, 0, 0, 0, 0, 0, 0, 0, 0, 0, 0, 0, 0, 0, 0, 0, 0, 0, 0, 0, 0, 0, 0, 0, 0, 0, 0, 0, 0),
('Razer Mark of Precision', 3, 0, 0, 0, 0, 0, 0, 0, 0, 0, 0, 0, 0, 0, 0, 0, 0, 0, 0, 0, 0, 0, 0, 0, 0, 0, 0, 0, 0, 0, 0, 0, 0, 0, 0, 0, 0, 0, 0.022314, 0, 0, 0, 0, 0, 0, 0, 0, 0, 0, 0, 0, 0, 0, 0, 0, 0, 0, 0, 0, 0, 0, 0, 0, 0, 0),
('Razer Quintessence of Speed', 3, 0, 0, 0, 0, 0, 0, 0, 0, 0, 0, 0, 0, 0, 0, 0, 0, 0, 0, 0, 0, 0, 0, 0, 0, 0, 0, 0.015, 0, 0, 0, 0, 0, 0, 0, 0, 0, 0, 0, 0, 0, 0, 0, 0, 0, 0, 0, 0, 0, 0, 0, 0, 0, 0, 0, 0, 0, 0, 0, 0, 0, 0, 0, 0, 0),
('Seal of Ability Power', 2, 0, 0, 0, 0, 0, 0, 0, 0, 0, 0, 0, 0, 0, 0, 0, 0, 0, 0, 0, 0, 0, 0.462, 0, 0, 0, 0, 0, 0, 0, 0, 0, 0, 0, 0, 0, 0, 0, 0, 0, 0, 0, 0, 0, 0, 0, 0, 0, 0, 0, 0, 0, 0, 0, 0, 0, 0, 0, 0, 0, 0, 0, 0, 0, 0),
('Seal of Armor', 2, 0, 0, 0, 0, 0, 0, 0, 0, 0, 0, 0, 0, 0.78, 0, 0, 0, 0, 0, 0, 0, 0, 0, 0, 0, 0, 0, 0, 0, 0, 0, 0, 0, 0, 0, 0, 0, 0, 0, 0, 0, 0, 0, 0, 0, 0, 0, 0, 0, 0, 0, 0, 0, 0, 0, 0, 0, 0, 0, 0, 0, 0, 0, 0, 0),
('Seal of Attack Damage', 2, 0, 0, 0, 0, 0, 0, 0, 0, 0, 0, 0, 0, 0, 0, 0, 0, 0, 0, 0.3309, 0, 0, 0, 0, 0, 0, 0, 0, 0, 0, 0, 0, 0, 0, 0, 0, 0, 0, 0, 0, 0, 0, 0, 0, 0, 0, 0, 0, 0, 0, 0, 0, 0, 0, 0, 0, 0, 0, 0, 0, 0, 0, 0, 0, 0),
('Seal of Attack Speed', 2, 0, 0, 0, 0, 0, 0, 0, 0, 0, 0, 0, 0, 0, 0, 0, 0, 0, 0, 0, 0, 0, 0, 0, 0, 0, 0, 0, 0, 0, 0.005943, 0, 0, 0, 0, 0, 0, 0, 0, 0, 0, 0, 0, 0, 0, 0, 0, 0, 0, 0, 0, 0, 0, 0, 0, 0, 0, 0, 0, 0, 0, 0, 0, 0, 0),
('Seal of Cooldown Reduction', 2, 0, 0, 0, 0, 0, 0, 0, 0, 0, 0, 0, 0, 0, 0, 0, 0, 0, 0, 0, 0, 0, 0, 0, 0, 0, 0, 0, 0, 0, 0, 0, 0, 0, 0, 0, 0, 0, 0, 0, 0, 0, 0, 0, 0, 0, 0, 0, -0.002889, 0, 0, 0, 0, 0, 0, 0, 0, 0, 0, 0, 0, 0, 0, 0, 0),
('Seal of Critical Chance', 2, 0, 0, 0, 0, 0, 0, 0, 0, 0, 0, 0, 0, 0, 0, 0, 0, 0, 0, 0, 0, 0, 0, 0, 0, 0, 0, 0, 0, 0, 0, 0, 0, 0, 0, 0.003247, 0, 0, 0, 0, 0, 0, 0, 0, 0, 0, 0, 0, 0, 0, 0, 0, 0, 0, 0, 0, 0, 0, 0, 0, 0, 0, 0, 0, 0),
('Seal of Critical Damage', 2, 0, 0, 0, 0, 0, 0, 0, 0, 0, 0, 0, 0, 0, 0, 0, 0, 0, 0, 0, 0, 0, 0, 0, 0, 0, 0, 0, 0, 0, 0, 0, 0, 0, 0, 0, 0, 0, 0.006074, 0, 0, 0, 0, 0, 0, 0, 0, 0, 0, 0, 0, 0, 0, 0, 0, 0, 0, 0, 0, 0, 0, 0, 0, 0, 0),
('Seal of Health', 2, 6.24, 0, 0, 0, 0, 0, 0, 0, 0, 0, 0, 0, 0, 0, 0, 0, 0, 0, 0, 0, 0, 0, 0, 0, 0, 0, 0, 0, 0, 0, 0, 0, 0, 0, 0, 0, 0, 0, 0, 0, 0, 0, 0, 0, 0, 0, 0, 0, 0, 0, 0, 0, 0, 0, 0, 0, 0, 0, 0, 0, 0, 0, 0, 0),
('Seal of Health Regeneration', 2, 0, 0, 0, 0, 0, 0, 0.086, 0, 0, 0, 0, 0, 0, 0, 0, 0, 0, 0, 0, 0, 0, 0, 0, 0, 0, 0, 0, 0, 0, 0, 0, 0, 0, 0, 0, 0, 0, 0, 0, 0, 0, 0, 0, 0, 0, 0, 0, 0, 0, 0, 0, 0, 0, 0, 0, 0, 0, 0, 0, 0, 0, 0, 0, 0),
('Seal of Magic Resist', 2, 0, 0, 0, 0, 0, 0, 0, 0, 0, 0, 0, 0, 0, 0, 0, 0, 0, 0, 0, 0, 0, 0, 0, 0, 0, 0, 0, 0, 0, 0, 0, 0, 0, 0, 0, 0, 0, 0, 0, 0, 0, 0, 0.5775, 0, 0, 0, 0, 0, 0, 0, 0, 0, 0, 0, 0, 0, 0, 0, 0, 0, 0, 0, 0, 0),
('Seal of Mana', 2, 0, 0, 5.3594, 0, 0, 0, 0, 0, 0, 0, 0, 0, 0, 0, 0, 0, 0, 0, 0, 0, 0, 0, 0, 0, 0, 0, 0, 0, 0, 0, 0, 0, 0, 0, 0, 0, 0, 0, 0, 0, 0, 0, 0, 0, 0, 0, 0, 0, 0, 0, 0, 0, 0, 0, 0, 0, 0, 0, 0, 0, 0, 0, 0, 0),
('Seal of Mana Regeneration', 2, 0, 0, 0, 0, 0, 0, 0, 0, 0, 0.0632, 0, 0, 0, 0, 0, 0, 0, 0, 0, 0, 0, 0, 0, 0, 0, 0, 0, 0, 0, 0, 0, 0, 0, 0, 0, 0, 0, 0, 0, 0, 0, 0, 0, 0, 0, 0, 0, 0, 0, 0, 0, 0, 0, 0, 0, 0, 0, 0, 0, 0, 0, 0, 0, 0),
('Seal of Percent Health', 2, 0, 0, 0, 0, 0.0039, 0, 0, 0, 0, 0, 0, 0, 0, 0, 0, 0, 0, 0, 0, 0, 0, 0, 0, 0, 0, 0, 0, 0, 0, 0, 0, 0, 0, 0, 0, 0, 0, 0, 0, 0, 0, 0, 0, 0, 0, 0, 0, 0, 0, 0, 0, 0, 0, 0, 0, 0, 0, 0, 0, 0, 0, 0, 0, 0),
('Seal of Scaling Ability Power', 2, 0, 0, 0, 0, 0, 0, 0, 0, 0, 0, 0, 0, 0, 0, 0, 0, 0, 0, 0, 0, 0, 0, 0.0808, 0, 0, 0, 0, 0, 0, 0, 0, 0, 0, 0, 0, 0, 0, 0, 0, 0, 0, 0, 0, 0, 0, 0, 0, 0, 0, 0, 0, 0, 0, 0, 0, 0, 0, 0, 0, 0, 0, 0, 0, 0),
('Seal of Scaling Armor', 2, 0, 0, 0, 0, 0, 0, 0, 0, 0, 0, 0, 0, 0, 0.13, 0, 0, 0, 0, 0, 0, 0, 0, 0, 0, 0, 0, 0, 0, 0, 0, 0, 0, 0, 0, 0, 0, 0, 0, 0, 0, 0, 0, 0, 0, 0, 0, 0, 0, 0, 0, 0, 0, 0, 0, 0, 0, 0, 0, 0, 0, 0, 0, 0, 0),
('Seal of Scaling Attack Damage', 2, 0, 0, 0, 0, 0, 0, 0, 0, 0, 0, 0, 0, 0, 0, 0, 0, 0, 0, 0, 0.0473, 0, 0, 0, 0, 0, 0, 0, 0, 0, 0, 0, 0, 0, 0, 0, 0, 0, 0, 0, 0, 0, 0, 0, 0, 0, 0, 0, 0, 0, 0, 0, 0, 0, 0, 0, 0, 0, 0, 0, 0, 0, 0, 0, 0),
('Seal of Scaling Health', 2, 0, 1.04, 0, 0, 0, 0, 0, 0, 0, 0, 0, 0, 0, 0, 0, 0, 0, 0, 0, 0, 0, 0, 0, 0, 0, 0, 0, 0, 0, 0, 0, 0, 0, 0, 0, 0, 0, 0, 0, 0, 0, 0, 0, 0, 0, 0, 0, 0, 0, 0, 0, 0, 0, 0, 0, 0, 0, 0, 0, 0, 0, 0, 0, 0),
('Seal of Scaling Health Regeneration', 2, 0, 0, 0, 0, 0, 0, 0, 0.0175, 0, 0, 0, 0, 0, 0, 0, 0, 0, 0, 0, 0, 0, 0, 0, 0, 0, 0, 0, 0, 0, 0, 0, 0, 0, 0, 0, 0, 0, 0, 0, 0, 0, 0, 0, 0, 0, 0, 0, 0, 0, 0, 0, 0, 0, 0, 0, 0, 0, 0, 0, 0, 0, 0, 0, 0),
('Seal of Scaling Magic Resist', 2, 0, 0, 0, 0, 0, 0, 0, 0, 0, 0, 0, 0, 0, 0, 0, 0, 0, 0, 0, 0, 0, 0, 0, 0, 0, 0, 0, 0, 0, 0, 0, 0, 0, 0, 0, 0, 0, 0, 0, 0, 0, 0, 0, 0.075, 0, 0, 0, 0, 0, 0, 0, 0, 0, 0, 0, 0, 0, 0, 0, 0, 0, 0, 0, 0),
('Seal of Scaling Mana', 2, 0, 0, 0, 0.9074, 0, 0, 0, 0, 0, 0, 0, 0, 0, 0, 0, 0, 0, 0, 0, 0, 0, 0, 0, 0, 0, 0, 0, 0, 0, 0, 0, 0, 0, 0, 0, 0, 0, 0, 0, 0, 0, 0, 0, 0, 0, 0, 0, 0, 0, 0, 0, 0, 0, 0, 0, 0, 0, 0, 0, 0, 0, 0, 0, 0),
('Seal of Scaling Mana Regeneration', 2, 0, 0, 0, 0, 0, 0, 0, 0, 0, 0, 0.01, 0, 0, 0, 0, 0, 0, 0, 0, 0, 0, 0, 0, 0, 0, 0, 0, 0, 0, 0, 0, 0, 0, 0, 0, 0, 0, 0, 0, 0, 0, 0, 0, 0, 0, 0, 0, 0, 0, 0, 0, 0, 0, 0, 0, 0, 0, 0, 0, 0, 0, 0, 0, 0);

-- --------------------------------------------------------

--
-- Table structure for table `sumitems`
--

CREATE TABLE `sumitems` (
  `SummonerName` varchar(20) DEFAULT NULL,
  `ItemsName` varchar(20) DEFAULT NULL
) ENGINE=InnoDB DEFAULT CHARSET=latin1;

--
-- Dumping data for table `sumitems`
--

INSERT INTO `sumitems` (`SummonerName`, `ItemsName`) VALUES
('Bob', 'long sword'),
('Bob', 'Long Sword'),
('Bob', 'Long Sword'),
('Bob', 'B. F. Sword'),
('Joe', 'B. F. Sword'),
('Joe', 'B. F. Sword'),
('Joe', 'Dagger'),
('Joe', 'Dagger'),
('Joe', 'B. F. Sword'),
('Joe', 'B. F. Sword'),
('Joe', 'B. F. Sword'),
('Joe', 'B. F. Sword'),
('Joe', 'B. F. Sword');

-- --------------------------------------------------------

--
-- Table structure for table `summasteries`
--

CREATE TABLE `summasteries` (
  `SummonerName` varchar(20) DEFAULT NULL,
  `MasteryID` int(11) DEFAULT NULL
) ENGINE=InnoDB DEFAULT CHARSET=latin1;

-- --------------------------------------------------------

--
-- Table structure for table `summoner`
--

CREATE TABLE `summoner` (
  `ChampionName` varchar(20) DEFAULT NULL,
  `ChampionLevel` int(11) DEFAULT NULL,
  `SummonerName` varchar(20) NOT NULL
) ENGINE=InnoDB DEFAULT CHARSET=latin1;

--
-- Dumping data for table `summoner`
--

INSERT INTO `summoner` (`ChampionName`, `ChampionLevel`, `SummonerName`) VALUES
('Zac', 1, 'Bob'),
('Ahri', 1, 'Joe');

-- --------------------------------------------------------

--
-- Table structure for table `sumrunes`
--

CREATE TABLE `sumrunes` (
  `SummonerName` varchar(20) DEFAULT NULL,
  `RunesName` varchar(64) DEFAULT NULL
) ENGINE=InnoDB DEFAULT CHARSET=latin1;

--
-- Indexes for dumped tables
--

--
-- Indexes for table `abilities`
--
ALTER TABLE `abilities`
  ADD PRIMARY KEY (`Name`);

--
-- Indexes for table `championabilities`
--
ALTER TABLE `championabilities`
  ADD PRIMARY KEY (`ID`),
  ADD KEY `CName` (`CName`),
  ADD KEY `AName` (`AName`);

--
-- Indexes for table `champions`
--
ALTER TABLE `champions`
  ADD PRIMARY KEY (`Name`);

--
-- Indexes for table `items`
--
ALTER TABLE `items`
  ADD PRIMARY KEY (`Name`);

--
-- Indexes for table `masteries`
--
ALTER TABLE `masteries`
  ADD PRIMARY KEY (`MasteryID`);

--
-- Indexes for table `masteryabilities`
--
ALTER TABLE `masteryabilities`
  ADD PRIMARY KEY (`Mid`,`AName`),
  ADD KEY `AName` (`AName`);

--
-- Indexes for table `runes`
--
ALTER TABLE `runes`
  ADD PRIMARY KEY (`Name`);

--
-- Indexes for table `sumitems`
--
ALTER TABLE `sumitems`
  ADD KEY `SummonerName` (`SummonerName`),
  ADD KEY `ItemsName` (`ItemsName`);

--
-- Indexes for table `summasteries`
--
ALTER TABLE `summasteries`
  ADD KEY `SummonerName` (`SummonerName`),
  ADD KEY `MasteryID` (`MasteryID`);

--
-- Indexes for table `summoner`
--
ALTER TABLE `summoner`
  ADD PRIMARY KEY (`SummonerName`),
  ADD KEY `ChampionName` (`ChampionName`);

--
-- Indexes for table `sumrunes`
--
ALTER TABLE `sumrunes`
  ADD KEY `SummonerName` (`SummonerName`),
  ADD KEY `RunesName` (`RunesName`);

--
-- Constraints for dumped tables
--

--
-- Constraints for table `championabilities`
--
ALTER TABLE `championabilities`
  ADD CONSTRAINT `championabilities_ibfk_1` FOREIGN KEY (`CName`) REFERENCES `champions` (`Name`) ON DELETE CASCADE,
  ADD CONSTRAINT `championabilities_ibfk_2` FOREIGN KEY (`AName`) REFERENCES `abilities` (`Name`) ON DELETE CASCADE;

--
-- Constraints for table `masteryabilities`
--
ALTER TABLE `masteryabilities`
  ADD CONSTRAINT `masteryabilities_ibfk_1` FOREIGN KEY (`Mid`) REFERENCES `masteries` (`MasteryID`),
  ADD CONSTRAINT `masteryabilities_ibfk_2` FOREIGN KEY (`AName`) REFERENCES `abilities` (`Name`);

--
-- Constraints for table `sumitems`
--
ALTER TABLE `sumitems`
  ADD CONSTRAINT `sumitems_ibfk_1` FOREIGN KEY (`SummonerName`) REFERENCES `summoner` (`SummonerName`),
  ADD CONSTRAINT `sumitems_ibfk_2` FOREIGN KEY (`ItemsName`) REFERENCES `items` (`Name`);

--
-- Constraints for table `summasteries`
--
ALTER TABLE `summasteries`
  ADD CONSTRAINT `summasteries_ibfk_1` FOREIGN KEY (`SummonerName`) REFERENCES `summoner` (`SummonerName`),
  ADD CONSTRAINT `summasteries_ibfk_2` FOREIGN KEY (`MasteryID`) REFERENCES `masteries` (`MasteryID`);

--
-- Constraints for table `summoner`
--
ALTER TABLE `summoner`
  ADD CONSTRAINT `summoner_ibfk_1` FOREIGN KEY (`ChampionName`) REFERENCES `champions` (`Name`);

--
-- Constraints for table `sumrunes`
--
ALTER TABLE `sumrunes`
  ADD CONSTRAINT `sumrunes_ibfk_1` FOREIGN KEY (`SummonerName`) REFERENCES `summoner` (`SummonerName`),
  ADD CONSTRAINT `sumrunes_ibfk_2` FOREIGN KEY (`RunesName`) REFERENCES `runes` (`Name`);

/*!40101 SET CHARACTER_SET_CLIENT=@OLD_CHARACTER_SET_CLIENT */;
/*!40101 SET CHARACTER_SET_RESULTS=@OLD_CHARACTER_SET_RESULTS */;
/*!40101 SET COLLATION_CONNECTION=@OLD_COLLATION_CONNECTION */;
